Country,Item Type,Order Date,Order ID,Order Priority,Region,Sales Channel,Ship Date,Total Cost,Total Revenue,Units Sold
United States,Vegetables,07/03/2012,193349856,L,North America,Online,08/06/2012,164628.66,284817.9,1779
Saudi Arabia,Baby Food,08/10/2012,797808098,H,Middle East and Africa,Online,08/23/2012,450327.6,2466739.17,9963
United Arab Emirates,Meat,10/16/2011,919795579,L,Middle East and Africa,Online,12/07/2011,2916013.6,4228939.68,7024
India,Beverages,01/10/2014,593303705,C,Asia-Pacific,Online,01/13/2014,310120.64,452392.48,9991
Canada,Beverages,06/22/2016,410727955,L,North America,Offline,07/28/2016,37603.65,57192.24,1239
United States,Beverages,02/01/2015,386665249,C,North America,Offline,02/04/2015,86734.32,127337.48,2764
Mexico,Snacks,11/01/2011,838908273,M,North America,Online,11/30/2011,941526.12,1403288.88,6316
Turkey,Fruits,05/12/2010,709004943,H,Europe,Online,05/22/2010,45102.72,60448.32,6672
Japan,Snacks,03/18/2017,702764446,C,Asia-Pacific,Offline,03/22/2017,363535.6,506812.4,2440
Australia,Personal Care,06/17/2012,217734861,C,Asia-Pacific,Offline,06/19/2012,478410.24,708111.36,8448
Turkey,Cereal,04/26/2014,694021782,C,Europe,Online,04/30/2014,1212359.96,2034736.9,9863
Mexico,Vegetables,03/10/2017,103484630,H,North America,Offline,03/20/2017,171599.35,286718.33,1927
Japan,Office Supplies,03/02/2017,679153816,H,Asia-Pacific,Offline,03/15/2017,1701632.92,2244151.4,3358
Mexico,Fruits,04/04/2011,709194872,C,North America,Online,04/07/2011,34630.12,46704.42,5138
United States,Vegetables,12/22/2015,277303722,C,North America,Online,12/24/2015,203513.14,354550.82,2203
Australia,Clothes,06/23/2014,366186631,M,Asia-Pacific,Offline,07/19/2014,271213.79,791373.75,7277
Germany,Fruits,08/07/2016,345824373,H,Europe,Online,08/15/2016,1436.54,2050.65,217
United States,Fruits,02/14/2013,713152854,H,North America,Online,03/01/2013,54116.16,72396.47,8053
United Arab Emirates,Meat,01/22/2011,882839238,C,Middle East and Africa,Online,01/23/2011,2977529.88,4426187.62,7162
Mexico,Snacks,07/08/2014,581695135,H,North America,Online,07/18/2014,281118.6,390303.9,1890
Poland,Cereal,10/20/2012,690907304,L,Europe,Offline,12/16/2012,155447.4,284528.55,1335
United States,Snacks,08/26/2012,530613729,H,North America,Online,09/02/2012,1029648.88,1398973.58,6758
United States,Household,12/22/2012,941128035,H,North America,Offline,01/03/2013,1186185.96,3335515.59,4773
United Arab Emirates,Clothes,08/28/2010,153839920,L,Middle East and Africa,Online,10/15/2010,307847.41,963336.92,8983
United Arab Emirates,Baby Food,10/08/2010,228727266,H,Middle East and Africa,Online,10/22/2010,58563.64,301454.76,1213
Ireland,Personal Care,09/14/2014,379995032,H,Europe,Online,09/29/2014,551120.48,775182.26,9662
Turkey,Vegetables,12/23/2012,439492674,L,Europe,Online,02/03/2013,207547.56,338799.12,2244
United States,Meat,01/12/2016,173864104,H,North America,Online,01/20/2016,3455688.24,5456981.16,8388
Netherlands,Cosmetics,02/04/2016,421455482,M,Europe,Offline,02/28/2016,2194743.42,3953991.96,8766
United States,Cosmetics,03/16/2016,468164906,H,North America,Online,03/23/2016,1175079.96,1936797.1,4562
Turkey,Snacks,10/25/2012,397083132,L,Europe,Offline,12/22/2012,136407.52,197099.36,932
United States,Fruits,10/24/2011,220123666,M,North America,Offline,11/22/2011,64514.28,85805.82,9138
Mexico,Cereal,07/13/2016,491541578,H,North America,Offline,07/26/2016,293748.54,495803.28,2526
Canada,Clothes,12/19/2013,274484941,M,North America,Online,01/16/2014,98357.84,280044.8,2632
Poland,Baby Food,08/14/2014,510751046,M,Europe,Offline,09/05/2014,204905.93,1164337.82,4471
Canada,Clothes,12/03/2013,527849588,M,North America,Offline,12/27/2013,133405.8,425022.84,3828
Singapore,Beverages,03/12/2017,455569462,L,Asia-Pacific,Offline,04/27/2017,215129.28,326283.84,6648
United States,Cosmetics,06/06/2010,436808455,M,North America,Offline,06/24/2010,2583137.14,4415554.06,9874
Saudi Arabia,Household,07/01/2010,837507241,M,Middle East and Africa,Offline,07/29/2010,31870.65,87471.25,127
Netherlands,Household,12/27/2016,432091877,H,Europe,Offline,01/06/2017,547988.95,1402205.13,2141
Egypt,Household,02/25/2012,760904107,L,Middle East and Africa,Online,04/08/2012,1608610.79,4387344.09,6311
Australia,Office Supplies,03/21/2013,446012478,H,Asia-Pacific,Offline,03/29/2013,3856934.28,4701236.88,7143
South Africa,Meat,11/27/2011,459905654,M,Middle East and Africa,Offline,12/14/2011,2006642.46,3000608.16,4749
United States,Snacks,03/26/2012,756350429,L,North America,Online,04/29/2012,72830.0,111710.0,500
Canada,Household,07/18/2015,906341966,M,North America,Offline,08/14/2015,989917.14,2789278.57,4097
Canada,Clothes,07/25/2010,816806128,M,North America,Offline,08/16/2010,74499.84,235046.16,2088
Australia,Personal Care,10/14/2011,784683755,C,Asia-Pacific,Offline,10/18/2011,413331.63,595299.18,7473
Australia,Snacks,12/07/2014,679984033,M,Asia-Pacific,Offline,12/24/2014,710121.93,1002145.41,4781
United States,Cereal,10/13/2017,682624278,M,North America,Offline,11/01/2017,403796.05,734699.0,3605
South Africa,Baby Food,05/15/2014,477698143,M,Middle East and Africa,Offline,05/30/2014,446860.16,2313130.44,9532
Australia,Household,06/17/2012,818197581,M,Asia-Pacific,Offline,07/10/2012,1810651.6,4784481.6,7240
United Arab Emirates,Meat,06/02/2014,595744935,M,Middle East and Africa,Online,06/17/2014,631167.25,886224.25,1475
United Kingdom,Cosmetics,05/16/2012,398775766,C,Europe,Offline,05/20/2012,1413117.75,2475479.0,5455
Egypt,Beverages,01/19/2016,799816232,C,Middle East and Africa,Online,01/20/2016,180298.03,264818.2,5833
United States,Clothes,12/19/2016,705557720,M,North America,Online,01/07/2017,138276.0,445409.04,4008
Sweden,Vegetables,11/19/2011,433975497,L,Europe,Offline,01/07/2012,184676.96,294186.88,1976
Mexico,Baby Food,06/13/2014,773496394,L,North America,Offline,08/12/2014,152178.56,871242.35,3349
Germany,Vegetables,05/07/2016,497897455,L,Europe,Online,07/01/2016,69124.88,118085.12,772
Mexico,Snacks,09/17/2014,782454310,L,North America,Online,11/12/2014,1191679.36,1812643.83,8131
United Arab Emirates,Household,11/27/2016,388187517,M,Middle East and Africa,Offline,12/27/2016,1920049.44,5275506.36,7716
Japan,Beverages,09/25/2012,461203124,L,Asia-Pacific,Offline,11/18/2012,246893.13,372152.25,7713
Canada,Fruits,05/18/2012,852890318,M,North America,Offline,06/13/2012,29500.92,41933.76,4332
India,Office Supplies,09/15/2012,611201082,M,Asia-Pacific,Online,10/13/2012,4277777.44,5140367.2,8104
South Africa,Baby Food,06/26/2012,608159580,H,Middle East and Africa,Offline,07/07/2012,190121.58,1051572.96,4086
Australia,Vegetables,11/18/2017,874473159,L,Asia-Pacific,Offline,01/01/2018,404653.46,680291.58,4538
Netherlands,Beverages,06/05/2012,663324548,M,Europe,Online,07/05/2012,150475.0,230157.3,4630
India,Clothes,01/18/2014,394539550,L,Asia-Pacific,Online,02/22/2014,172273.2,553951.8,5052
United States,Office Supplies,02/25/2017,405307028,L,North America,Online,04/23/2017,4104382.2,5043561.9,8142
South Africa,Meat,07/30/2010,628008852,L,Middle East and Africa,Online,09/06/2010,3215270.47,4728059.15,7927
Mexico,Snacks,09/04/2011,699226355,H,North America,Online,09/18/2011,742657.5,1054903.72,5078
United Arab Emirates,Office Supplies,12/19/2014,766823010,C,Middle East and Africa,Offline,12/22/2014,5364724.56,6220656.68,9742
Mexico,Vegetables,01/06/2017,286630878,H,North America,Online,01/14/2017,409749.65,659839.3,4435
United States,Baby Food,09/24/2017,859088046,C,North America,Offline,09/29/2017,362341.54,1937505.57,7799
Australia,Beverages,01/04/2017,259976144,M,Asia-Pacific,Offline,01/25/2017,215977.05,325979.1,7065
Japan,Beverages,06/13/2013,603260608,H,Asia-Pacific,Online,06/27/2013,312250.25,444483.0,9425
Australia,Cosmetics,11/26/2010,748232591,C,Asia-Pacific,Offline,12/01/2010,206005.74,336929.85,753
India,Beverages,07/16/2017,605196410,M,Asia-Pacific,Online,08/08/2017,289378.53,464360.47,9541
Egypt,Cereal,01/09/2011,212313264,C,Middle East and Africa,Offline,01/13/2011,673032.0,1171716.0,5800
Netherlands,Household,06/06/2017,371011200,C,Europe,Offline,06/10/2017,2176401.2,5838422.88,9112
India,Household,08/20/2014,635252889,H,Asia-Pacific,Offline,08/25/2014,796137.43,2146439.31,3173
Saudi Arabia,Clothes,03/25/2013,753770973,L,Middle East and Africa,Online,05/08/2013,277253.68,920292.45,8041
France,Cosmetics,01/17/2011,993506934,H,Europe,Offline,01/25/2011,513602.98,823299.84,1958
Sweden,Vegetables,08/29/2014,691916368,L,Europe,Offline,10/24/2014,762876.5,1201630.55,8005
Poland,Clothes,02/05/2013,981058292,M,Europe,Online,03/05/2013,211983.2,619852.48,5668
Canada,Vegetables,09/01/2011,919128302,L,North America,Offline,10/15/2011,810209.96,1351807.52,8924
South Africa,Fruits,05/31/2016,441639230,M,Middle East and Africa,Online,06/27/2016,28149.42,36315.5,3926
South Africa,Household,06/01/2010,207765664,M,Middle East and Africa,Offline,06/20/2010,2183030.9,5472486.16,8329
Saudi Arabia,Office Supplies,08/14/2011,384566044,C,Middle East and Africa,Online,08/18/2011,1321440.56,1760220.66,2629
Australia,Snacks,07/25/2017,915401487,H,Asia-Pacific,Offline,08/07/2017,1009060.26,1365214.06,6326
Saudi Arabia,Personal Care,01/29/2017,565973314,H,Middle East and Africa,Online,02/13/2017,286027.92,402670.0,4808
Mexico,Vegetables,11/13/2011,415001254,H,North America,Offline,11/22/2011,49823.2,91047.88,574
Singapore,Household,12/16/2015,287979290,M,Asia-Pacific,Online,01/13/2016,2389860.0,6062653.08,9372
Mexico,Household,07/16/2016,374154962,M,North America,Offline,08/04/2016,973969.92,2544744.32,3904
Canada,Cosmetics,12/15/2014,841218491,M,North America,Online,01/10/2015,2509697.04,4448672.4,9726
Australia,Cosmetics,06/03/2015,417690559,M,Asia-Pacific,Offline,06/21/2015,1037197.06,1718085.58,3986
India,Snacks,02/03/2010,994253959,C,Asia-Pacific,Offline,02/08/2010,143441.55,197151.99,903
Japan,Personal Care,02/20/2017,807790785,L,Asia-Pacific,Online,03/28/2017,242602.08,351369.24,4206
Turkey,Beverages,12/11/2014,416872439,H,Europe,Offline,12/16/2014,300899.2,438491.5,9595
Australia,Cereal,01/19/2016,276678230,M,Asia-Pacific,Online,02/14/2016,1030392.61,1768372.94,8797
Australia,Cosmetics,04/03/2015,826197069,L,Asia-Pacific,Online,06/02/2015,338408.71,609980.8,1333
Egypt,Beverages,12/19/2012,821920438,C,Middle East and Africa,Online,12/24/2012,67224.6,102525.48,2124
Australia,Snacks,07/27/2017,702806585,L,Asia-Pacific,Online,09/02/2017,1137061.92,1731451.2,7824
Japan,Snacks,11/11/2017,139956218,H,Asia-Pacific,Offline,11/20/2017,996149.97,1381018.38,6789
Australia,Beverages,01/11/2016,897940629,H,Asia-Pacific,Online,01/18/2016,204615.88,312097.42,6467
United Arab Emirates,Household,11/26/2016,576078963,H,Middle East and Africa,Offline,12/07/2016,1118066.25,3089000.46,4683
United Arab Emirates,Fruits,02/09/2016,231167999,H,Middle East and Africa,Offline,02/24/2016,39561.12,54501.12,5976
Saudi Arabia,Snacks,07/27/2010,320337809,M,Middle East and Africa,Online,08/21/2010,654563.6,896650.7,4090
Mexico,Clothes,09/07/2013,255357534,M,North America,Online,09/26/2013,335967.84,1116604.8,9864
Belgium,Cosmetics,05/31/2017,355477113,M,Europe,Online,06/15/2017,565992.45,1016278.92,2259
India,Cereal,06/04/2011,611365210,L,Asia-Pacific,Online,07/27/2011,821587.74,1474617.75,6997
Egypt,Office Supplies,08/26/2015,807491789,H,Middle East and Africa,Offline,09/03/2015,434880.9,549042.3,810
Australia,Snacks,05/16/2015,576271425,H,Asia-Pacific,Online,05/27/2015,1100995.28,1508183.6,7084
United States,Fruits,06/01/2011,741444618,M,North America,Online,06/24/2011,67345.5,88857.3,9690
Australia,Office Supplies,11/14/2017,584853393,C,Asia-Pacific,Online,11/15/2017,4900311.15,5777992.45,9133
Poland,Fruits,08/31/2014,501902658,C,Europe,Offline,09/01/2014,35861.4,49485.6,5220
Turkey,Meat,12/16/2010,971630639,H,Europe,Online,12/22/2010,2904942.25,4580807.0,7175
Belgium,Baby Food,08/10/2014,408839723,L,Europe,Online,09/20/2014,345826.8,1834006.68,7029
Singapore,Beverages,05/13/2017,697285504,M,Asia-Pacific,Online,06/12/2017,124126.86,176396.76,3774
India,Cosmetics,04/16/2016,918630985,M,Asia-Pacific,Offline,05/01/2016,1124417.33,1914686.49,4481
Singapore,Fruits,08/10/2011,132917811,H,Asia-Pacific,Online,08/24/2011,44128.92,63660.3,6666
Mexico,Office Supplies,09/16/2014,448303473,M,North America,Offline,10/15/2014,2882181.3,3632373.9,5685
United States,Cereal,07/23/2017,751842899,M,North America,Online,08/09/2017,530733.52,930470.12,4558
South Africa,Cosmetics,11/14/2013,622517939,M,Middle East and Africa,Online,12/12/2013,493599.92,852620.0,1916
India,Clothes,02/01/2010,920511515,C,Asia-Pacific,Online,02/03/2010,188622.72,565263.6,5038
Singapore,Fruits,07/31/2015,347079497,H,Asia-Pacific,Online,08/11/2015,19833.48,27874.08,2978
India,Household,03/18/2010,715683222,H,Asia-Pacific,Offline,03/30/2010,356840.0,925828.75,1375
South Africa,Cosmetics,03/27/2010,993381017,H,Middle East and Africa,Offline,04/06/2010,790722.9,1289479.4,2915
India,Household,11/20/2014,433154770,H,Asia-Pacific,Online,12/04/2014,1671993.0,4404258.0,6660
Japan,Fruits,09/22/2015,475138838,M,Asia-Pacific,Online,10/10/2015,60935.49,85380.03,8793
Japan,Clothes,11/14/2012,803847447,H,Asia-Pacific,Online,11/22/2012,106529.82,329857.04,2942
United States,Snacks,04/28/2016,790407222,C,North America,Offline,05/03/2016,1157904.36,1649197.5,7454
Singapore,Cereal,04/05/2015,477895080,C,Asia-Pacific,Online,04/09/2015,610255.38,1050562.38,5061
Canada,Meat,08/22/2010,196955134,C,North America,Online,08/25/2010,1940556.09,3103986.78,4803
South Africa,Personal Care,05/30/2016,261985842,H,Middle East and Africa,Offline,06/14/2016,177221.44,259591.52,3184
Canada,Beverages,08/29/2015,571825556,L,North America,Online,10/18/2015,88746.64,141783.88,2927
Netherlands,Fruits,08/02/2014,777409303,L,Europe,Offline,09/25/2014,39726.72,50279.13,5643
India,Fruits,03/09/2013,725711790,H,Asia-Pacific,Offline,03/18/2013,71613.32,91461.58,9974
Netherlands,Cosmetics,09/03/2016,452699013,C,Europe,Online,09/04/2016,1369959.36,2293626.84,5172
Turkey,Vegetables,09/14/2015,329987621,H,Europe,Offline,09/24/2015,35692.64,59353.74,398
Australia,Clothes,09/27/2011,927720428,M,Asia-Pacific,Online,10/14/2011,183348.22,518934.32,4946
Mexico,Fruits,09/24/2011,968704078,M,North America,Offline,10/14/2011,21893.3,29333.96,3062
Sweden,Baby Food,08/02/2017,941599226,C,Europe,Offline,08/04/2017,353874.69,1930708.44,7377
United Arab Emirates,Office Supplies,04/06/2015,573087862,M,Middle East and Africa,Offline,04/27/2015,3273244.32,4017430.8,6126
Egypt,Household,03/28/2012,616030284,C,Middle East and Africa,Online,04/02/2012,614922.93,1510950.78,2367
India,Vegetables,12/10/2010,992329618,H,Asia-Pacific,Offline,12/17/2010,413357.43,704859.63,4569
Saudi Arabia,Clothes,04/20/2010,514642708,C,Middle East and Africa,Offline,04/24/2010,34476.84,104878.8,972
Canada,Clothes,02/10/2011,408034406,H,North America,Offline,02/25/2011,206269.84,589054.76,5593
United Arab Emirates,Vegetables,11/25/2016,260545470,C,Middle East and Africa,Offline,11/26/2016,121010.88,209252.64,1398
Saudi Arabia,Cosmetics,05/15/2011,590822013,M,Middle East and Africa,Offline,05/31/2011,1046447.32,1802900.3,4006
United States,Meat,08/12/2011,712745501,H,North America,Online,08/21/2011,2858933.52,4381686.84,7132
United Arab Emirates,Snacks,10/05/2010,695016134,H,Middle East and Africa,Offline,10/18/2010,1376347.66,2014809.28,9014
Canada,Meat,03/10/2014,358906986,H,North America,Offline,03/19/2014,152204.76,218351.94,366
Mexico,Vegetables,07/01/2010,991617660,L,North America,Online,08/11/2010,809165.7,1413371.7,9045
South Africa,Snacks,09/16/2010,314179101,M,Middle East and Africa,Online,10/15/2010,105348.15,143389.95,705
Canada,Cosmetics,11/03/2012,151329185,C,North America,Offline,11/04/2012,832628.7,1463739.93,3231
Singapore,Beverages,06/27/2014,300593456,L,Asia-Pacific,Offline,08/19/2014,241324.16,342630.64,7304
South Africa,Fruits,10/05/2014,685698675,L,Middle East and Africa,Online,11/06/2014,50013.45,68902.65,7155
Singapore,Beverages,05/31/2017,278933456,H,Asia-Pacific,Offline,06/09/2017,161926.02,248266.08,5121
Egypt,Meat,11/23/2016,161587757,H,Middle East and Africa,Offline,12/04/2016,1966886.46,2950674.54,4598
Mexico,Snacks,10/03/2015,938927341,C,North America,Offline,10/05/2015,89749.3,131394.0,610
Saudi Arabia,Cereal,03/27/2017,749715626,H,Middle East and Africa,Online,04/06/2017,698259.42,1249313.64,6033
Turkey,Meat,12/24/2014,527385805,L,Europe,Offline,02/16/2015,577588.59,849905.01,1359
Singapore,Clothes,02/02/2012,381080560,H,Asia-Pacific,Online,02/14/2012,304060.26,943590.9,8582
Australia,Clothes,03/30/2012,865975088,L,Asia-Pacific,Offline,05/02/2012,86183.3,252649.48,2323
Saudi Arabia,Snacks,12/16/2017,269119969,L,Middle East and Africa,Offline,01/17/2018,1395987.42,2017630.95,9111
Netherlands,Office Supplies,04/03/2012,694875990,M,Europe,Online,04/22/2012,2148915.6,2467792.08,3978
Australia,Office Supplies,09/27/2010,664461415,M,Asia-Pacific,Online,10/21/2010,3650531.37,4407341.58,6623
South Africa,Personal Care,07/22/2013,469919929,H,Middle East and Africa,Online,08/06/2013,74152.85,109408.0,1315
Belgium,Snacks,11/08/2014,273910700,M,Europe,Online,11/24/2014,326203.24,445877.96,2134
Japan,Fruits,10/23/2012,759737342,L,Asia-Pacific,Online,11/28/2012,61678.24,86221.8,9124
Mexico,Snacks,12/03/2011,187212377,M,North America,Online,12/28/2011,1358843.72,2061507.24,9334
Mexico,Personal Care,06/01/2016,411032572,L,North America,Online,07/14/2016,33769.36,49330.92,596
Australia,Clothes,02/01/2015,598690974,C,Asia-Pacific,Offline,02/02/2015,37413.41,117137.16,1081
Netherlands,Personal Care,07/31/2013,703068400,M,Europe,Offline,08/26/2013,361974.56,535003.44,6632
Canada,Clothes,12/31/2012,512477736,C,North America,Online,01/04/2013,143762.55,434283.57,4161
United Arab Emirates,Cereal,02/17/2012,635539154,L,Middle East and Africa,Offline,04/11/2012,317313.9,558260.0,2710
Australia,Baby Food,09/02/2015,154267347,H,Asia-Pacific,Offline,09/14/2015,186428.4,1017146.88,4044
Australia,Personal Care,01/08/2016,881155839,C,Asia-Pacific,Offline,01/09/2016,104737.08,157924.46,1861
Australia,Fruits,07/29/2010,178954113,H,Asia-Pacific,Offline,08/12/2010,62429.84,87271.52,9304
South Africa,Office Supplies,06/12/2011,698967370,L,Middle East and Africa,Online,07/15/2011,3396419.9,4475109.23,6553
Japan,Clothes,07/05/2010,657629251,C,Asia-Pacific,Online,07/06/2010,85850.45,264047.0,2345
United Arab Emirates,Personal Care,11/16/2016,421300425,M,Middle East and Africa,Offline,12/11/2016,154837.72,228362.16,2762
Australia,Vegetables,03/10/2010,726745401,L,Asia-Pacific,Offline,04/20/2010,511302.77,892334.15,5527
India,Personal Care,05/09/2017,615877957,C,Asia-Pacific,Offline,05/14/2017,527208.19,746487.78,9563
Belgium,Snacks,08/20/2017,304853117,C,Europe,Online,08/22/2017,94826.73,134123.46,617
Canada,Fruits,08/19/2014,606382505,C,North America,Online,08/21/2014,47215.16,64340.89,6823
Mexico,Cereal,06/05/2017,593559955,M,North America,Offline,07/05/2017,1007370.03,1873218.81,8709
Singapore,Snacks,02/27/2012,419561201,L,Asia-Pacific,Offline,04/27/2012,617430.98,864097.16,4138
Japan,Vegetables,05/20/2015,393622794,C,Asia-Pacific,Offline,05/23/2015,880678.21,1472376.63,9283
India,Personal Care,11/14/2013,184857208,C,Asia-Pacific,Offline,11/16/2013,262672.06,415116.1,4858
Australia,Snacks,05/26/2012,391651334,L,Asia-Pacific,Offline,07/01/2012,1330479.16,1913573.32,8924
Germany,Personal Care,07/27/2010,870257350,M,Europe,Online,08/18/2010,211864.82,317112.28,3914
Saudi Arabia,Snacks,03/04/2016,610778600,M,Middle East and Africa,Online,03/24/2016,1048121.06,1496774.52,6766
United Arab Emirates,Cosmetics,03/30/2017,893158610,L,Middle East and Africa,Offline,04/30/2017,418387.1,665891.85,1565
United States,Household,06/15/2014,410812797,M,North America,Online,07/15/2014,823869.76,2203720.8,3152
United States,Cosmetics,03/11/2013,244096091,H,North America,Offline,03/23/2013,2375993.97,4088434.22,9001
Egypt,Clothes,10/28/2011,461971444,H,Middle East and Africa,Offline,11/09/2011,158015.3,448630.55,4315
Japan,Cereal,10/12/2015,250980852,C,Asia-Pacific,Offline,10/15/2015,176359.95,300214.98,1521
Egypt,Clothes,04/21/2014,424211872,H,Middle East and Africa,Offline,04/29/2014,272648.25,847546.56,7419
Canada,Snacks,09/12/2010,836665942,L,North America,Online,11/02/2010,309573.8,419130.96,2036
India,Snacks,11/22/2016,588529624,L,Asia-Pacific,Offline,12/29/2016,588776.4,784678.5,3690
Australia,Vegetables,10/10/2012,488463544,C,Asia-Pacific,Online,10/15/2012,131361.56,222620.09,1441
Mexico,Beverages,06/03/2016,574422684,H,North America,Online,06/16/2016,78489.6,125527.15,2555
Mexico,Clothes,09/22/2015,590483627,C,North America,Online,09/26/2015,36062.37,110623.62,1011
Mexico,Meat,06/10/2014,148629555,L,North America,Online,07/18/2014,64406.74,93636.07,149
Egypt,Vegetables,10/10/2010,245415636,H,Middle East and Africa,Online,10/22/2010,55084.81,92311.47,619
Egypt,Household,03/19/2014,227381397,C,Middle East and Africa,Offline,03/20/2014,2155658.1,6186147.25,8935
Belgium,Household,01/15/2010,555404004,M,Europe,Online,01/30/2010,1244605.76,3406355.08,4988
United Arab Emirates,Clothes,09/28/2011,221166014,C,Middle East and Africa,Offline,10/01/2011,119263.08,356227.12,3188
Mexico,Household,04/24/2012,821579885,H,North America,Online,04/30/2012,443158.4,1165201.57,1753
United States,Vegetables,12/03/2014,160606325,H,North America,Offline,12/11/2014,790203.48,1427839.38,8943
Belgium,Cosmetics,06/23/2016,808897689,M,Europe,Offline,07/18/2016,1027535.91,1678389.6,3981
Poland,Cosmetics,03/30/2016,772155012,L,Europe,Online,05/29/2016,2676720.69,4457675.67,9793
South Africa,Baby Food,11/19/2015,297438548,L,Middle East and Africa,Offline,12/29/2015,325356.21,1731426.57,6921
United Arab Emirates,Clothes,03/12/2015,698382096,L,Middle East and Africa,Online,05/10/2015,37646.64,119423.16,1044
Poland,Clothes,09/14/2013,199282456,L,Europe,Online,11/03/2013,52103.25,157732.65,1395
United Kingdom,Cosmetics,10/26/2010,614745610,C,Europe,Online,10/28/2010,2618628.24,4277203.02,9726
Netherlands,Cosmetics,02/18/2012,855665764,H,Europe,Online,02/24/2012,2179111.04,3541929.5,7946
Poland,Clothes,04/09/2014,486165467,L,Europe,Offline,05/23/2014,321619.91,947881.17,8843
South Africa,Beverages,04/12/2012,337591250,C,Middle East and Africa,Offline,04/15/2012,164723.52,249541.5,5226
United Kingdom,Cosmetics,09/17/2011,363850592,C,Europe,Offline,09/19/2011,1410234.88,2423136.0,5504
Egypt,Cosmetics,03/03/2015,624325659,C,Middle East and Africa,Offline,03/05/2015,1494619.4,2622892.1,5870
Belgium,Snacks,11/01/2010,777210736,H,Europe,Online,11/16/2010,140009.34,188848.56,894
Germany,Vegetables,06/14/2012,761982621,M,Europe,Online,07/13/2012,540183.02,970502.52,6214
South Africa,Baby Food,02/18/2010,407829477,H,Middle East and Africa,Offline,02/23/2010,425490.5,2247554.87,8773
Mexico,Vegetables,03/15/2011,665277813,C,North America,Online,03/16/2011,762548.34,1297653.21,8691
Singapore,Cosmetics,03/09/2014,342512383,C,Asia-Pacific,Online,03/13/2014,2019604.8,3494760.6,7620
India,Snacks,07/19/2014,110147040,H,Asia-Pacific,Online,07/30/2014,963073.02,1278718.35,6279
Germany,Meat,05/06/2016,843338269,C,Europe,Offline,05/07/2016,3847556.21,5310445.1,8753
Egypt,Baby Food,02/03/2016,116812751,H,Middle East and Africa,Offline,02/17/2016,29349.27,168842.97,639
Ireland,Cereal,05/10/2013,517853724,C,Europe,Online,05/12/2013,1065299.73,1985284.62,9339
Australia,Vegetables,08/14/2015,181623972,M,Asia-Pacific,Online,09/09/2015,85437.33,146781.47,979
Australia,Fruits,01/20/2015,563693201,H,Asia-Pacific,Offline,02/01/2015,26168.34,37372.38,3837
Turkey,Personal Care,12/08/2016,265593497,C,Europe,Online,12/11/2016,239449.56,323968.47,4137
United Arab Emirates,Vegetables,01/17/2014,486458467,C,Middle East and Africa,Offline,01/18/2014,138201.57,241624.89,1599
India,Cereal,11/01/2014,128198506,H,Asia-Pacific,Online,11/13/2014,1086243.75,1880147.25,9225
Canada,Office Supplies,04/27/2014,878295151,H,North America,Offline,05/02/2014,2540267.64,3267292.59,4881
Ireland,Office Supplies,11/26/2011,167932588,M,Europe,Offline,12/15/2011,2317912.6,2931673.8,4505
Poland,Cosmetics,06/07/2015,771124810,C,Europe,Offline,06/08/2015,1544848.64,2563537.92,6016
United Arab Emirates,Meat,06/01/2013,963370520,H,Middle East and Africa,Online,06/06/2013,2730694.23,4154136.32,6583
Australia,Fruits,05/15/2013,437351729,C,Asia-Pacific,Online,05/18/2013,72177.09,90346.15,9983
Poland,Fruits,06/16/2016,943817764,L,Europe,Offline,08/10/2016,27682.8,37168.23,4071
Egypt,Beverages,08/24/2017,956508307,M,Middle East and Africa,Online,09/08/2017,254411.6,353034.41,7663
India,Household,02/07/2017,554330180,C,Asia-Pacific,Online,02/10/2017,992916.9,2622575.4,4065
Saudi Arabia,Meat,12/29/2015,486041850,C,Middle East and Africa,Offline,01/03/2016,2946194.69,4461601.04,6953
United States,Clothes,04/04/2017,794435663,L,North America,Online,05/23/2017,29757.75,91459.5,825
Egypt,Household,02/08/2011,723326773,H,Middle East and Africa,Online,02/17/2011,936940.64,2502033.61,3737
Sweden,Fruits,08/15/2017,618371508,C,Europe,Offline,08/20/2017,55437.32,81247.21,8299
Canada,Household,08/04/2011,659542785,H,North America,Online,08/14/2011,1284369.2,3580676.7,5210
Egypt,Meat,10/24/2017,863193132,H,Middle East and Africa,Offline,11/05/2017,2149329.75,3169227.0,5325
United States,Fruits,09/26/2012,557810637,H,North America,Online,10/09/2012,20587.68,27124.86,2958
United Arab Emirates,Household,03/08/2017,311875497,M,Middle East and Africa,Online,04/05/2017,1570621.46,4448097.9,6581
South Africa,Household,04/22/2012,676480186,H,Middle East and Africa,Online,05/01/2012,283938.75,774315.0,1125
Netherlands,Fruits,04/12/2011,740992546,M,Europe,Offline,05/05/2011,56345.86,76805.74,8119
South Africa,Personal Care,12/12/2013,419378952,H,Middle East and Africa,Offline,12/24/2013,171024.7,244057.66,2926
Mexico,Cereal,09/04/2012,648494024,L,North America,Online,10/13/2012,228614.4,422714.88,2016
South Africa,Personal Care,09/29/2014,792842747,M,Middle East and Africa,Offline,10/19/2014,463713.12,672561.63,8073
Belgium,Cereal,07/29/2011,485515372,C,Europe,Offline,07/31/2011,636311.94,1093672.64,5254
Canada,Cereal,04/19/2016,576582183,M,North America,Offline,05/19/2016,811393.81,1387539.88,6803
United Arab Emirates,Beverages,04/11/2013,938313402,H,Middle East and Africa,Online,04/16/2013,142324.76,213809.35,4603
South Africa,Office Supplies,01/02/2013,916048218,H,Middle East and Africa,Online,01/15/2013,3221008.7,4081052.3,6110
United Arab Emirates,Household,05/04/2013,193397288,H,Middle East and Africa,Online,05/09/2013,1826000.68,5171365.96,7468
Saudi Arabia,Clothes,12/21/2017,973521043,M,Middle East and Africa,Offline,01/18/2018,102216.94,316827.41,2819
United Kingdom,Personal Care,09/10/2016,410669201,L,Europe,Offline,10/27/2016,159104.86,238357.2,2858
India,Cereal,02/09/2013,989575564,C,Asia-Pacific,Online,02/11/2013,259645.32,477653.7,2274
Turkey,Household,06/23/2016,953193777,C,Europe,Online,06/26/2016,1703045.52,4406351.4,6886
Canada,Office Supplies,02/06/2015,931221434,L,North America,Offline,04/07/2015,4176645.44,5009885.76,8096
Mexico,Meat,12/30/2015,631196129,L,North America,Online,02/10/2016,1619935.52,2361495.08,3668
Singapore,Cosmetics,05/07/2016,918464025,L,Asia-Pacific,Online,07/03/2016,2181176.92,3658615.93,8051
United States,Beverages,05/24/2011,559346003,C,North America,Online,05/26/2011,231994.5,364887.4,7330
France,Snacks,01/27/2013,796763109,L,Europe,Online,02/28/2013,893363.85,1263331.9,6005
United Kingdom,Household,10/25/2014,611967311,L,Europe,Online,12/14/2014,407346.7,1012078.42,1594
United States,Personal Care,02/08/2010,553456129,M,North America,Offline,02/23/2010,334974.63,491089.88,5729
Sweden,Beverages,01/01/2011,247241457,M,Europe,Offline,01/19/2011,55848.0,88175.4,1790
United Arab Emirates,Snacks,12/13/2015,774395804,M,Middle East and Africa,Online,12/28/2015,422855.96,607365.8,2788
Poland,Personal Care,12/22/2010,512351122,C,Europe,Online,12/23/2010,139033.3,197326.78,2393
Australia,Fruits,02/08/2013,752398123,M,Asia-Pacific,Online,02/25/2013,28988.4,39234.3,4165
India,Snacks,10/22/2015,793819512,L,Asia-Pacific,Online,12/10/2015,1248867.84,1780838.4,8448
United States,Meat,09/14/2012,112956853,C,North America,Online,09/18/2012,3969255.7,6367775.7,9830
Singapore,Cereal,02/05/2014,927175323,C,Asia-Pacific,Offline,02/10/2014,352156.7,630096.5,2930
United States,Personal Care,12/09/2012,527322429,H,North America,Online,12/17/2012,44413.12,64220.8,752
Australia,Household,03/08/2017,432759989,C,Asia-Pacific,Online,03/13/2017,2256930.88,5820487.2,8908
Mexico,Clothes,05/20/2014,356234948,M,North America,Offline,06/06/2014,189365.55,579183.99,5181
United States,Beverages,02/01/2015,895275666,C,North America,Online,02/06/2015,31211.18,48648.6,1001
Germany,Baby Food,11/03/2011,873916084,M,Europe,Online,12/03/2011,274896.8,1517250.0,5780
Japan,Fruits,04/29/2011,168582026,M,Asia-Pacific,Offline,05/14/2011,39842.44,50962.56,5588
India,Meat,08/16/2010,930355646,C,Asia-Pacific,Offline,08/20/2010,3828394.08,5652663.66,9387
Mexico,Snacks,09/16/2015,149372289,H,North America,Online,09/21/2015,129759.05,166433.12,821
Egypt,Household,05/25/2010,873403266,M,Middle East and Africa,Online,06/22/2010,929350.22,2503567.26,3778
Singapore,Beverages,08/19/2015,149315449,L,Asia-Pacific,Online,10/09/2015,29600.74,47032.18,962
Saudi Arabia,Meat,09/02/2013,413097844,L,Middle East and Africa,Offline,10/04/2013,3848261.27,5637496.18,9161
Japan,Meat,03/11/2012,106848195,L,Asia-Pacific,Offline,05/03/2012,3919295.52,5501753.64,9054
Saudi Arabia,Clothes,10/04/2013,211614410,L,Middle East and Africa,Online,11/03/2013,232331.76,700064.64,6264
Belgium,Clothes,09/03/2010,658087211,C,Europe,Offline,09/05/2010,161035.92,533413.92,4684
Egypt,Meat,09/02/2015,567059305,H,Middle East and Africa,Online,09/09/2015,2650315.95,4118864.58,6561
Italy,Cosmetics,05/29/2014,180195016,L,Europe,Offline,07/20/2014,1407750.3,2326267.35,5445
France,Personal Care,03/09/2011,675444604,H,Europe,Online,03/16/2011,421623.2,604441.05,7465
Japan,Meat,12/21/2012,426648350,L,Asia-Pacific,Offline,02/16/2013,835115.04,1326594.72,2064
United States,Fruits,12/22/2017,420877774,M,North America,Online,01/13/2018,40606.8,52818.48,5928
Japan,Baby Food,03/27/2016,952346725,C,Asia-Pacific,Offline,04/01/2016,190907.29,1027788.16,4193
Germany,Baby Food,06/20/2011,792225271,H,Europe,Online,06/28/2011,312094.92,1723118.43,6663
Mexico,Personal Care,03/31/2010,238288872,L,North America,Online,05/02/2010,196834.05,271360.53,3339
Canada,Beverages,07/27/2010,632711663,H,North America,Offline,08/03/2010,300073.16,460942.02,9502
Canada,Snacks,12/20/2013,259591761,C,North America,Online,12/22/2013,472208.9,671065.36,3166
Mexico,Personal Care,08/06/2015,511259527,M,North America,Offline,09/03/2015,515849.1,714799.92,9122
Poland,Clothes,04/16/2014,707363258,M,Europe,Online,05/12/2014,286524.0,868406.49,7959
Australia,Cosmetics,07/30/2013,162911855,M,Asia-Pacific,Online,08/21/2013,158775.0,260640.4,580
Egypt,Personal Care,02/15/2011,891412300,M,Middle East and Africa,Online,03/09/2011,224222.85,341539.81,4051
United States,Personal Care,12/13/2011,849070816,C,North America,Offline,12/15/2011,227330.25,334814.25,3975
India,Vegetables,04/25/2016,628524423,L,Asia-Pacific,Online,06/24/2016,299264.16,505746.56,3184
Japan,Meat,08/19/2010,100733897,H,Asia-Pacific,Online,08/27/2010,4082668.71,6225116.4,9957
Japan,Cereal,08/18/2013,252098390,L,Asia-Pacific,Online,09/18/2013,51857.82,96348.69,459
Mexico,Fruits,11/25/2017,446392556,H,North America,Offline,12/10/2017,45935.38,60413.58,6581
France,Vegetables,04/13/2017,758965006,C,Europe,Offline,04/16/2017,274160.74,457899.54,2954
Japan,Snacks,06/10/2013,853775825,M,Asia-Pacific,Offline,07/04/2013,322784.76,442643.14,2186
Saudi Arabia,Cereal,03/04/2017,900306310,L,Middle East and Africa,Online,04/21/2017,220607.1,357949.55,1805
United States,Fruits,02/18/2017,883064819,L,North America,Online,04/17/2017,11088.42,14737.97,1553
Australia,Baby Food,10/19/2012,873538202,L,Asia-Pacific,Online,12/10/2012,56555.4,317758.1,1210
United States,Household,11/13/2011,503026384,C,North America,Offline,11/17/2011,2126361.78,5383822.74,8178
Canada,Personal Care,01/23/2015,212447665,M,North America,Online,02/09/2015,35914.97,51921.75,647
Canada,Cereal,11/04/2010,618334675,C,North America,Online,11/09/2010,187216.25,350480.0,1625
Canada,Snacks,10/06/2011,539460908,M,North America,Offline,10/22/2011,263850.0,392643.98,1759
Singapore,Cosmetics,07/23/2010,158524142,M,Asia-Pacific,Online,08/19/2010,2505346.88,4135185.6,9467
India,Household,06/04/2017,322214072,H,Asia-Pacific,Offline,06/19/2017,2482852.68,6370430.22,9933
Turkey,Cosmetics,04/19/2011,384546308,H,Europe,Offline,04/28/2011,1736046.72,3004889.52,6612
Mexico,Office Supplies,02/28/2014,572167680,C,North America,Online,03/04/2014,3128353.52,3823775.6,6152
Egypt,Clothes,09/12/2011,681376445,L,Middle East and Africa,Online,11/05/2011,57862.24,181147.88,1684
United Arab Emirates,Office Supplies,11/11/2015,714947283,H,Middle East and Africa,Offline,11/22/2015,4745102.94,6030356.99,8873
Sweden,Cosmetics,05/23/2010,827497537,H,Europe,Offline,06/05/2010,2590357.04,4259315.72,9458
Germany,Meat,05/17/2012,833500385,M,Europe,Online,06/07/2012,872434.2,1294262.42,2167
United Arab Emirates,Snacks,08/02/2013,450175988,M,Middle East and Africa,Offline,08/19/2013,230076.75,321653.0,1525
Australia,Baby Food,08/25/2014,207593219,C,Asia-Pacific,Online,08/27/2014,120762.56,650681.92,2528
Mexico,Beverages,08/11/2014,607929943,L,North America,Offline,09/18/2014,205785.0,304661.25,6375
United States,Cosmetics,12/07/2016,455939049,C,North America,Online,12/12/2016,1678133.58,3034710.63,6681
United Kingdom,Vegetables,03/06/2014,401019924,C,Europe,Offline,03/07/2014,528675.7,851054.05,5635
Saudi Arabia,Clothes,12/20/2014,195871030,M,Middle East and Africa,Offline,01/14/2015,165483.24,498481.02,4514
Sweden,Clothes,10/17/2015,434065879,C,Europe,Offline,10/20/2015,36607.8,107661.0,1020
United Arab Emirates,Office Supplies,02/29/2012,486949792,H,Middle East and Africa,Online,03/08/2012,534329.64,676898.28,1044
Spain,Fruits,02/15/2017,578999915,C,Europe,Offline,02/16/2017,4044.0,5592.0,600
Sweden,Personal Care,11/01/2011,406090918,L,Europe,Offline,12/27/2011,251892.96,361141.99,4337
Canada,Baby Food,06/25/2012,121531054,M,North America,Online,07/17/2012,161622.45,882106.39,3487
Canada,Cereal,07/05/2012,395685474,M,North America,Online,07/28/2012,610438.4,1071891.04,5104
South Africa,Fruits,06/12/2012,526439295,C,Middle East and Africa,Offline,06/16/2012,35552.0,48631.5,5050
United States,Office Supplies,05/07/2013,396871629,L,North America,Offline,06/27/2013,980404.0,1198469.05,1871
Singapore,Cosmetics,09/07/2011,961531511,L,Asia-Pacific,Online,10/23/2011,1105532.45,1818870.35,4037
Egypt,Snacks,05/08/2017,516907018,M,Middle East and Africa,Online,06/07/2017,736062.13,1044801.91,4943
Mexico,Vegetables,12/31/2017,821413281,M,North America,Offline,01/22/2018,816711.21,1361539.71,8859
Singapore,Cereal,02/04/2011,700255667,M,Asia-Pacific,Offline,03/06/2011,263366.28,461884.68,2196
Turkey,Fruits,12/26/2013,499090969,H,Europe,Online,01/03/2014,35198.66,49719.39,5131
Singapore,Meat,08/08/2010,607042021,H,Asia-Pacific,Offline,08/23/2010,4108630.08,6096767.27,9661
Belgium,Beverages,08/20/2014,539366395,C,Europe,Offline,08/21/2014,78744.8,118297.1,2570
United Arab Emirates,Fruits,06/21/2015,585388459,M,Middle East and Africa,Online,07/16/2015,20349.63,26733.24,2997
Japan,Cereal,12/27/2010,612604642,M,Asia-Pacific,Offline,01/15/2011,855017.35,1467730.55,7205
Saudi Arabia,Baby Food,02/27/2010,772899961,M,Middle East and Africa,Offline,03/24/2010,404624.0,2286152.0,8800
Italy,Vegetables,06/13/2011,170101400,L,Europe,Offline,07/16/2011,580688.64,964430.88,6384
Canada,Cosmetics,11/12/2014,905430477,C,North America,Offline,11/14/2014,1579568.85,2496140.55,5715
France,Household,07/07/2012,281445989,H,Europe,Online,07/14/2012,912463.6,2400365.6,3560
Canada,Vegetables,03/07/2017,151497057,H,North America,Offline,03/16/2017,815655.05,1377974.11,8861
Mexico,Baby Food,09/04/2014,853625262,H,North America,Online,09/16/2014,289027.8,1575980.1,6330
Italy,Vegetables,09/20/2014,750294914,H,Europe,Offline,10/05/2014,162087.14,264012.08,1754
Poland,Beverages,04/12/2011,382387564,H,Europe,Offline,04/18/2011,254470.82,379931.62,8254
Netherlands,Vegetables,10/19/2011,616108982,C,Europe,Offline,10/20/2011,825372.0,1358004.8,9080
Japan,Baby Food,03/29/2011,649439435,H,Asia-Pacific,Online,04/12/2011,375249.05,2006299.9,8195
Mexico,Vegetables,03/24/2017,598514021,H,North America,Offline,04/01/2017,723190.71,1144426.36,7583
United States,Cereal,01/15/2014,914115345,H,North America,Offline,01/30/2014,607121.52,1033109.4,5223
United States,Cereal,01/04/2014,975061242,M,North America,Offline,02/02/2014,546322.3,886998.35,4495
Japan,Beverages,02/13/2015,552839683,C,Asia-Pacific,Offline,02/16/2015,207911.41,303939.65,6419
Germany,Cereal,03/01/2011,570473733,H,Europe,Online,03/12/2011,1143145.98,2025219.36,9778
Ireland,Household,09/04/2017,541613113,L,Europe,Online,11/01/2017,560067.2,1495155.2,2240
Saudi Arabia,Beverages,02/20/2010,706677256,L,Middle East and Africa,Offline,04/13/2010,283902.72,415851.38,8698
Turkey,Fruits,06/03/2017,513258121,H,Europe,Offline,06/11/2017,54445.95,75872.55,7995
Belgium,Personal Care,03/20/2017,277601056,H,Europe,Online,03/27/2017,491662.95,709285.63,8383
Canada,Fruits,02/13/2013,533015368,M,North America,Offline,03/01/2013,56565.65,79511.3,8405
Germany,Meat,12/27/2010,900194244,C,Europe,Offline,12/31/2010,3074501.12,4851732.48,7424
United States,Household,04/01/2016,764717221,C,North America,Online,04/06/2016,26378.22,70152.54,102
Japan,Snacks,01/28/2014,924007087,C,Asia-Pacific,Offline,01/29/2014,592178.16,786156.56,3752
Egypt,Vegetables,02/04/2011,958899743,C,Middle East and Africa,Online,02/06/2011,12081.15,21483.9,135
Singapore,Vegetables,11/04/2011,539386707,H,Asia-Pacific,Online,11/16/2011,225357.86,378877.8,2401
Canada,Personal Care,05/10/2011,869645166,M,North America,Online,06/06/2011,204953.76,305196.96,3632
India,Household,01/20/2015,635613177,H,Asia-Pacific,Online,02/01/2015,2554639.4,6280756.75,9755
Mexico,Vegetables,07/24/2016,842833609,H,North America,Offline,08/05/2016,787933.72,1351682.64,8428
France,Beverages,08/27/2015,918593554,C,Europe,Offline,08/31/2015,231804.29,343913.78,6959
Spain,Household,01/29/2015,903617229,L,Europe,Offline,03/25/2015,551576.15,1542649.2,2285
Singapore,Vegetables,05/08/2012,862782374,M,Asia-Pacific,Online,06/01/2012,545533.32,854338.8,5757
Belgium,Office Supplies,12/13/2013,862489444,L,Europe,Online,01/29/2014,4218600.7,5419918.8,7970
Egypt,Household,04/14/2010,386665729,H,Middle East and Africa,Online,04/25/2010,593604.06,1584465.84,2481
Spain,Snacks,09/12/2010,485132332,L,Europe,Online,11/03/2010,730676.1,1056040.65,4935
Saudi Arabia,Personal Care,08/31/2012,946228305,M,Middle East and Africa,Offline,09/24/2012,51349.21,70223.89,869
India,Baby Food,12/16/2016,856589701,L,Asia-Pacific,Online,02/11/2017,360738.18,1955875.02,7359
Japan,Vegetables,01/13/2015,651738859,M,Asia-Pacific,Offline,02/02/2015,116265.6,196719.6,1320
Canada,Baby Food,03/29/2016,106061417,C,North America,Offline,04/01/2016,102269.04,589229.41,2231
Australia,Vegetables,09/22/2011,761004783,M,Asia-Pacific,Online,10/17/2011,857991.15,1587752.88,9879
Australia,Personal Care,12/08/2017,173203925,L,Asia-Pacific,Online,01/17/2018,479636.64,689238.2,8708
Poland,Office Supplies,12/02/2013,415223070,C,Europe,Online,12/04/2013,1918040.35,2301554.95,3595
Ireland,Office Supplies,04/15/2011,766935087,C,Europe,Online,04/18/2011,3784353.33,4888138.47,7401
United Kingdom,Snacks,04/10/2011,654982592,L,Europe,Offline,05/22/2011,659176.57,897089.44,4303
Australia,Meat,04/22/2017,279738803,H,Asia-Pacific,Offline,04/30/2017,2259423.04,3484222.0,5348
Mexico,Beverages,09/08/2017,896045379,M,North America,Online,10/06/2017,55591.7,88316.02,1802
Saudi Arabia,Vegetables,02/24/2015,952781636,M,Middle East and Africa,Online,03/21/2015,62769.6,105976.8,720
India,Personal Care,07/28/2014,118136542,M,Asia-Pacific,Offline,08/24/2014,430058.31,608119.38,7491
Saudi Arabia,Office Supplies,07/26/2016,411209672,H,Middle East and Africa,Online,07/31/2016,667044.61,839641.71,1289
India,Cosmetics,06/07/2014,901820909,C,Asia-Pacific,Offline,06/08/2014,1999912.2,3342231.75,7865
Egypt,Snacks,08/06/2017,232322744,M,Middle East and Africa,Offline,09/01/2017,43258.8,60426.96,282
United States,Personal Care,06/02/2013,650349270,C,North America,Online,06/04/2013,315544.32,487591.65,5733
France,Cereal,03/06/2012,158398995,M,Europe,Offline,03/24/2012,365786.81,635942.68,3071
Saudi Arabia,Cosmetics,02/07/2011,237669962,H,Middle East and Africa,Offline,02/15/2011,2527859.88,4131237.6,9612
Germany,Cosmetics,07/25/2013,844594995,H,Europe,Online,08/06/2013,1936675.23,3323724.11,7483
Ireland,Personal Care,10/21/2014,864717990,L,Europe,Offline,11/25/2014,9954.19,15046.74,179
Egypt,Fruits,05/20/2015,692353117,M,Middle East and Africa,Offline,06/18/2015,50440.72,67673.4,7396
United States,Snacks,07/28/2011,182100852,H,North America,Offline,08/10/2011,494282.46,734406.12,3318
United States,Office Supplies,08/13/2016,679473892,H,North America,Offline,08/21/2016,369369.0,457828.0,700
United Arab Emirates,Fruits,08/12/2016,526044822,C,Middle East and Africa,Online,08/15/2016,15821.7,21416.62,2293
India,Snacks,10/07/2015,707536579,M,Asia-Pacific,Online,10/26/2015,1092085.8,1589593.2,7410
Sweden,Fruits,06/21/2015,817888322,H,Europe,Online,06/29/2015,7632.04,10251.32,1129
Belgium,Fruits,02/06/2015,855631043,C,Europe,Offline,02/07/2015,5459.25,6905.01,753
Singapore,Personal Care,05/01/2017,183577346,M,Asia-Pacific,Offline,05/28/2017,347879.45,517103.3,6085
Australia,Clothes,11/14/2013,249216081,C,Asia-Pacific,Offline,11/18/2013,297765.54,830912.22,7998
United Arab Emirates,Clothes,05/16/2012,977198832,H,Middle East and Africa,Offline,05/23/2012,109436.82,349053.18,3162
Mexico,Clothes,04/10/2011,794989306,C,North America,Offline,04/14/2011,284077.44,875984.88,7944
Saudi Arabia,Clothes,06/07/2016,714469480,H,Middle East and Africa,Online,06/21/2016,94577.67,299701.38,2739
United Kingdom,Cereal,10/18/2015,119993108,L,Europe,Online,12/17/2015,797376.34,1395661.42,6742
India,Clothes,05/27/2015,953212504,C,Asia-Pacific,Offline,05/29/2015,136751.88,407743.72,3694
Ireland,Snacks,09/09/2017,506101350,L,Europe,Online,10/19/2017,1159842.45,1535313.68,7529
United Arab Emirates,Beverages,11/12/2015,290505619,H,Middle East and Africa,Online,11/25/2015,229054.91,334547.15,6977
Saudi Arabia,Office Supplies,05/30/2015,101288710,H,Middle East and Africa,Online,06/14/2015,1220444.1,1461175.95,2235
South Africa,Fruits,07/28/2012,917696516,H,Middle East and Africa,Offline,08/09/2012,43279.72,60985.06,6346
Canada,Cereal,08/10/2012,538781057,L,North America,Offline,10/08/2012,168761.61,314411.85,1473
Japan,Baby Food,10/30/2015,439196880,H,Asia-Pacific,Online,11/04/2015,300835.92,1623877.08,6244
Egypt,Beverages,04/22/2017,492607356,M,Middle East and Africa,Offline,05/15/2017,144222.52,206301.29,4381
Australia,Clothes,01/03/2012,429266242,C,Asia-Pacific,Offline,01/06/2012,333730.4,987023.4,9260
Australia,Vegetables,07/30/2012,944048177,M,Asia-Pacific,Online,08/28/2012,240075.0,424022.5,2750
India,Cereal,01/09/2011,168805869,C,Asia-Pacific,Online,01/11/2011,955676.7,1599603.99,7827
Japan,Fruits,04/24/2014,161700457,H,Asia-Pacific,Online,05/05/2014,58465.72,84287.36,8636
Turkey,Meat,04/06/2012,648196577,C,Europe,Online,04/11/2012,1957112.85,3068429.1,4785
Ireland,Cereal,09/06/2012,396284956,H,Europe,Offline,09/21/2012,12758.72,20508.8,104
Egypt,Snacks,07/28/2016,196814848,C,Middle East and Africa,Offline,07/30/2016,1246020.58,1866155.9,8582
Singapore,Fruits,10/19/2016,104994458,L,Asia-Pacific,Online,12/18/2016,22647.43,30371.88,3287
Japan,Household,08/23/2015,376696166,H,Asia-Pacific,Online,09/01/2015,1483555.5,3903851.7,5670
Australia,Household,10/23/2013,617511527,C,Asia-Pacific,Online,10/27/2013,1991386.24,5295934.08,7648
Canada,Beverages,08/04/2017,675151857,C,North America,Online,08/06/2017,166120.72,246466.0,5272
Mexico,Cosmetics,01/16/2011,611697526,M,North America,Offline,02/12/2011,1438125.51,2600910.18,5703
Singapore,Clothes,08/30/2017,889660946,L,Asia-Pacific,Online,10/28/2017,115225.6,340790.0,3215
Spain,Clothes,10/19/2012,184275390,M,Europe,Online,11/14/2012,97810.2,279120.15,2655
Saudi Arabia,Office Supplies,03/01/2014,716885481,H,Middle East and Africa,Offline,03/15/2014,2762857.52,3596412.94,5267
Australia,Cereal,06/28/2012,554381628,L,Asia-Pacific,Offline,08/21/2012,1076632.48,1969084.04,9548
Saudi Arabia,Office Supplies,09/12/2017,656418530,L,Middle East and Africa,Offline,11/05/2017,1548789.73,1856289.87,2963
Egypt,Vegetables,07/24/2017,757965465,H,Middle East and Africa,Online,08/01/2017,578987.72,956052.92,6316
Japan,Office Supplies,01/08/2013,326057528,L,Asia-Pacific,Online,02/22/2013,2963020.32,3725114.73,5721
Egypt,Fruits,01/21/2015,345421677,C,Middle East and Africa,Offline,01/23/2015,63010.26,88933.4,9461
Mexico,Cosmetics,04/10/2014,607865951,M,North America,Offline,05/01/2014,675091.47,1114151.07,2489
United States,Household,01/27/2017,422159250,C,North America,Online,02/01/2017,2264822.56,6081584.32,8848
India,Household,09/03/2010,583027931,H,Asia-Pacific,Online,09/11/2010,1065902.76,2887868.7,4266
Singapore,Fruits,11/10/2013,750232313,L,Asia-Pacific,Offline,12/10/2013,45594.36,66200.82,6846
Ireland,Personal Care,12/25/2013,184189438,M,Europe,Offline,01/19/2014,479005.8,708014.58,8463
Egypt,Meat,03/08/2017,176605123,M,Middle East and Africa,Online,04/02/2017,2996711.73,4403048.22,7011
United States,Fruits,07/21/2013,577706000,M,North America,Offline,08/14/2013,31329.18,41368.86,4482
Australia,Household,04/05/2010,852367594,M,Asia-Pacific,Online,04/24/2010,1003787.44,2751728.8,3944
United States,Cereal,01/27/2011,526288946,C,North America,Online,01/28/2011,924023.36,1538677.92,7852
United States,Cosmetics,05/06/2017,575839885,M,North America,Online,06/02/2017,1324041.6,2313145.12,5168
France,Office Supplies,05/24/2010,680447823,M,Europe,Online,06/19/2010,2953266.24,3523151.96,5428
Australia,Cereal,01/28/2017,472769123,M,Asia-Pacific,Offline,02/25/2017,1030275.0,1790639.64,8676
United Arab Emirates,Beverages,02/07/2014,661906534,C,Middle East and Africa,Offline,02/11/2014,133729.2,196586.28,4356
Netherlands,Cosmetics,09/18/2017,956808156,C,Europe,Online,09/22/2017,2042723.8,3552859.12,7916
Japan,Baby Food,08/14/2014,867658814,L,Asia-Pacific,Online,10/11/2014,437740.6,2310787.6,9284
South Africa,Clothes,09/26/2014,758435897,L,Middle East and Africa,Online,11/15/2014,144461.6,452941.44,4024
Singapore,Snacks,02/10/2012,783858343,L,Asia-Pacific,Offline,04/07/2012,180378.33,254737.23,1221
South Africa,Cosmetics,08/06/2013,299648970,C,Middle East and Africa,Online,08/07/2013,651810.24,1137188.16,2592
Canada,Cosmetics,02/03/2010,467126134,M,North America,Offline,02/25/2010,400763.01,689022.84,1577
Egypt,Meat,10/25/2017,256860613,L,Middle East and Africa,Offline,12/19/2017,256717.87,399236.43,619
Canada,Household,01/14/2012,230955221,H,North America,Offline,01/22/2012,1084504.8,2896811.37,4197
Poland,Meat,03/26/2012,607692567,M,Europe,Online,04/24/2012,692936.42,1071266.79,1639
Egypt,Fruits,03/01/2016,487005172,M,Middle East and Africa,Online,03/19/2016,29367.5,38845.0,4250
Mexico,Clothes,02/05/2017,727813474,H,North America,Online,02/16/2017,184685.6,609300.0,5416
Canada,Clothes,07/08/2016,367063493,H,North America,Online,07/20/2016,341432.8,1107584.32,9868
Sweden,Beverages,09/02/2010,235106204,L,Europe,Online,10/13/2010,84999.03,127983.43,2621
United Arab Emirates,Fruits,03/01/2012,142400500,L,Middle East and Africa,Offline,03/31/2012,42890.98,56538.11,6289
South Africa,Office Supplies,02/17/2012,602935000,L,Middle East and Africa,Offline,04/05/2012,1664528.25,2019627.61,3157
Japan,Beverages,04/26/2013,785075265,M,Asia-Pacific,Offline,05/19/2013,281483.01,404502.84,8973
United Arab Emirates,Baby Food,08/06/2013,516065124,L,Middle East and Africa,Online,09/28/2013,54803.4,291378.99,1137
Belgium,Snacks,11/16/2016,203354415,C,Europe,Online,11/19/2016,814212.0,1127188.2,5385
United States,Cereal,04/07/2012,789075603,M,North America,Online,04/25/2012,913902.0,1578755.64,8052
South Africa,Office Supplies,02/09/2014,804105516,L,Middle East and Africa,Online,03/18/2014,629743.4,855752.43,1261
Saudi Arabia,Meat,04/04/2016,762427117,H,Middle East and Africa,Offline,04/15/2016,2669207.8,3663077.46,6146
India,Vegetables,11/16/2010,670866707,H,Asia-Pacific,Offline,11/24/2010,751481.97,1356490.83,8611
United Arab Emirates,Clothes,04/06/2016,824230874,M,Middle East and Africa,Online,05/04/2016,67252.12,201299.36,1828
South Africa,Beverages,03/02/2016,744154611,M,Middle East and Africa,Online,03/29/2016,261667.36,383505.44,8368
Egypt,Fruits,08/16/2014,358473878,L,Middle East and Africa,Offline,10/09/2014,51151.1,65602.18,7154
Poland,Office Supplies,01/28/2015,405460403,L,Europe,Offline,03/13/2015,3294045.6,4101110.55,6605
Mexico,Cereal,05/15/2013,982551268,L,North America,Online,06/21/2013,438912.32,708817.34,3619
Japan,Beverages,12/27/2013,368281808,H,Asia-Pacific,Offline,01/03/2014,73471.68,116693.1,2367
Spain,Cosmetics,05/19/2016,285652633,H,Europe,Offline,05/27/2016,367216.08,613813.64,1364
Saudi Arabia,Personal Care,06/18/2016,459048149,L,Middle East and Africa,Online,07/30/2016,80690.1,117974.3,1385
Australia,Household,04/27/2017,158119446,H,Asia-Pacific,Online,05/11/2017,72840.6,194327.7,287
India,Fruits,08/20/2015,521854587,M,Asia-Pacific,Offline,09/11/2015,17245.49,24915.95,2609
Saudi Arabia,Clothes,06/04/2014,900275928,C,Middle East and Africa,Offline,06/06/2014,79841.25,246930.3,2265
Mexico,Household,06/21/2014,244816382,L,North America,Online,08/06/2014,1857263.58,4645288.26,7218
United Arab Emirates,Meat,04/17/2016,934052476,C,Middle East and Africa,Online,04/22/2016,3572743.02,5185942.76,8689
Egypt,Snacks,07/14/2017,469930807,H,Middle East and Africa,Online,07/25/2017,1059510.28,1453623.89,7039
Canada,Cereal,12/27/2016,314410364,L,North America,Offline,01/30/2017,817782.48,1552747.84,7316
Japan,Vegetables,08/12/2010,114746008,H,Asia-Pacific,Online,08/20/2010,237491.32,400495.81,2519
India,Cosmetics,04/04/2010,686718533,C,Asia-Pacific,Offline,04/07/2010,950246.6,1496290.4,3524
Australia,Personal Care,03/23/2014,947384695,M,Asia-Pacific,Online,04/08/2014,234818.0,342628.6,4285
India,Meat,05/11/2014,486782357,H,Asia-Pacific,Online,05/26/2014,1948759.65,2951023.05,4545
United States,Cosmetics,04/09/2014,741138124,C,North America,Online,04/14/2014,474242.07,755633.43,1731
United States,Clothes,06/12/2010,899283454,C,North America,Online,06/14/2010,308283.22,957748.41,8773
United Kingdom,Fruits,01/04/2017,396222040,L,Europe,Offline,02/12/2017,28814.94,38816.82,3969
Mexico,Cosmetics,03/23/2016,805375110,C,North America,Online,03/26/2016,964537.2,1725055.2,3795
Germany,Vegetables,09/06/2014,750009892,C,Europe,Online,09/08/2014,832586.22,1530186.66,9486
Australia,Office Supplies,04/26/2017,248294102,M,Asia-Pacific,Online,05/15/2017,5070463.47,6451944.25,9619
Japan,Household,07/24/2013,297713683,M,Asia-Pacific,Online,08/10/2013,2319565.68,6304126.83,9231
Japan,Vegetables,08/23/2014,783809682,H,Asia-Pacific,Offline,09/03/2014,458378.7,814951.8,5070
Japan,Clothes,01/27/2012,740337419,H,Asia-Pacific,Online,02/01/2012,161975.84,494200.72,4472
Italy,Snacks,11/22/2010,864524716,H,Europe,Offline,12/04/2010,350415.52,494420.64,2296
Japan,Household,07/18/2011,116121432,C,Asia-Pacific,Offline,07/20/2011,795564.94,2162614.56,3266
Australia,Clothes,09/28/2010,448854016,M,Asia-Pacific,Online,10/18/2010,271156.52,796613.49,7297
United Arab Emirates,Household,10/26/2016,714109940,C,Middle East and Africa,Online,10/30/2016,1295002.8,3645762.12,5226
Mexico,Beverages,06/23/2010,142146105,C,North America,Offline,06/25/2010,274362.18,427750.5,8598
Saudi Arabia,Clothes,06/19/2014,278763625,L,Middle East and Africa,Offline,08/16/2014,187376.98,544217.66,5089
Egypt,Personal Care,03/14/2015,293028062,H,Middle East and Africa,Online,03/29/2015,407625.0,613050.0,7500
Poland,Household,04/13/2010,316822839,L,Europe,Offline,05/18/2010,1903664.43,5141121.84,7533
Saudi Arabia,Cosmetics,05/22/2011,191597206,L,Middle East and Africa,Online,06/23/2011,529457.2,872828.2,1970
United Arab Emirates,Household,12/01/2011,274079423,C,Middle East and Africa,Online,12/04/2011,2432558.75,6485356.15,9365
France,Vegetables,06/15/2013,241273318,H,Europe,Offline,06/24/2013,659653.11,1105276.54,7411
United Kingdom,Personal Care,02/22/2015,629855936,L,Europe,Online,04/08/2015,470671.48,642418.61,8269
Italy,Personal Care,08/07/2014,687703577,C,Europe,Offline,08/11/2014,80136.0,108780.0,1400
Japan,Baby Food,08/14/2010,720722322,M,Asia-Pacific,Online,09/09/2010,32084.77,170581.34,701
Singapore,Beverages,09/04/2014,842507091,H,Asia-Pacific,Online,09/11/2014,88708.62,131609.14,2743
Sweden,Vegetables,01/17/2011,980752567,L,Europe,Online,03/12/2011,446867.96,801380.54,5003
Canada,Office Supplies,04/13/2015,665918566,H,North America,Offline,04/20/2015,1123342.82,1336055.48,2099
United Arab Emirates,Vegetables,03/24/2011,946307028,M,Middle East and Africa,Online,04/10/2011,745991.28,1249096.08,8024
Australia,Personal Care,11/23/2015,633002137,L,Asia-Pacific,Offline,01/10/2016,348453.73,487446.02,5897
South Africa,Cereal,03/03/2012,226621779,M,Middle East and Africa,Offline,03/18/2012,227095.44,424058.08,2036
Ireland,Household,09/29/2013,787858676,C,Europe,Online,10/02/2013,2395518.91,6023833.05,9281
Spain,Cosmetics,05/14/2013,836410568,H,Europe,Offline,05/27/2013,2356924.59,3786622.71,9111
Singapore,Household,03/05/2012,609490977,H,Asia-Pacific,Online,03/15/2012,1471165.08,3758479.32,5636
Mexico,Cereal,01/13/2017,974204752,C,North America,Online,01/17/2017,1083209.75,1823262.21,8897
Saudi Arabia,Office Supplies,03/24/2016,958494527,L,Middle East and Africa,Offline,05/10/2016,206913.84,269295.74,406
India,Cereal,10/21/2013,518293601,L,Asia-Pacific,Online,12/02/2013,1072275.36,1833987.48,8853
Ireland,Beverages,12/17/2017,355166423,L,Europe,Offline,01/17/2018,143352.96,215757.12,4548
Australia,Cosmetics,12/18/2011,199432918,M,Asia-Pacific,Offline,01/05/2012,1687541.73,2799837.54,6231
Saudi Arabia,Meat,10/25/2013,926224353,M,Middle East and Africa,Online,11/24/2013,3592151.31,5318317.62,8679
Mexico,Snacks,05/30/2010,104412943,M,North America,Online,06/28/2010,1005168.0,1377655.5,6450
India,Snacks,03/28/2015,435523711,H,Asia-Pacific,Offline,04/02/2015,273520.21,387318.5,1789
Mexico,Cosmetics,04/01/2012,573644294,M,North America,Offline,04/22/2012,1234472.75,2058445.55,4795
Canada,Cereal,04/14/2011,476151232,M,North America,Offline,04/29/2011,1086858.36,1850448.88,9268
Singapore,Cereal,12/03/2011,576363024,L,Asia-Pacific,Online,01/04/2012,616006.44,1052578.38,5201
United States,Baby Food,03/10/2011,856641801,C,North America,Online,03/14/2011,44625.69,247722.12,981
Egypt,Cosmetics,12/30/2017,920798622,L,Middle East and Africa,Online,02/22/2018,2229713.2,4028211.2,8840
United Arab Emirates,Beverages,02/10/2015,254319982,C,Middle East and Africa,Online,02/13/2015,244882.5,382928.25,7725
Singapore,Household,08/23/2013,477356707,M,Asia-Pacific,Offline,09/21/2013,1930286.03,5390955.94,8087
South Africa,Cereal,10/11/2016,866944883,L,Middle East and Africa,Offline,11/28/2016,256316.4,445623.12,2187
Canada,Office Supplies,12/23/2015,361661280,H,North America,Offline,01/04/2016,3531046.86,4227510.54,6666
Sweden,Household,05/02/2012,945385686,H,Europe,Offline,05/16/2012,1844973.91,4755873.85,7163
Japan,Cereal,04/14/2011,982640532,H,Asia-Pacific,Offline,04/28/2011,1151164.88,2040584.78,9866
United Arab Emirates,Cosmetics,09/16/2016,630745374,C,Middle East and Africa,Online,09/17/2016,2669908.08,4263383.61,9871
United States,Clothes,08/24/2011,720549135,M,North America,Online,09/12/2011,270379.95,812869.68,7521
United Arab Emirates,Clothes,05/24/2016,870722451,L,Middle East and Africa,Offline,07/18/2016,190023.26,580400.45,5089
India,Personal Care,06/07/2011,157045020,H,Asia-Pacific,Offline,06/16/2011,62753.46,92149.86,1122
Mexico,Office Supplies,03/01/2013,523342384,L,North America,Online,04/27/2013,311746.6,405271.8,610
Australia,Household,02/11/2016,512955792,C,Asia-Pacific,Offline,02/13/2016,734720.62,1904121.04,2941
Australia,Cereal,07/05/2011,622591579,L,Asia-Pacific,Online,08/04/2011,151533.75,252934.5,1275
United Arab Emirates,Beverages,02/11/2015,980544989,M,Middle East and Africa,Offline,03/11/2015,96374.25,143389.05,3045
South Africa,Fruits,10/06/2014,864643763,M,Middle East and Africa,Online,10/21/2014,66210.56,91374.4,9568
Australia,Office Supplies,06/05/2010,617042023,L,Asia-Pacific,Online,07/23/2010,4294867.24,5018802.34,8017
United States,Vegetables,10/19/2015,607291015,L,North America,Offline,11/20/2015,819519.52,1281323.28,8674
Mexico,Snacks,11/08/2013,603834447,L,North America,Online,12/25/2013,41982.36,58892.88,276
Australia,Fruits,11/18/2011,705275005,L,Asia-Pacific,Offline,12/19/2011,70127.19,94360.14,9891
India,Snacks,06/04/2016,407965966,C,Asia-Pacific,Online,06/05/2016,767575.2,1052908.8,4880
Saudi Arabia,Cereal,10/29/2012,896103507,H,Middle East and Africa,Offline,11/05/2012,538399.44,943892.1,4703
Mexico,Cereal,02/23/2014,294142387,M,North America,Offline,03/15/2014,527439.6,877182.6,4380
Canada,Beverages,07/25/2015,784590590,M,North America,Online,08/22/2015,197431.92,300803.09,6377
Italy,Personal Care,03/15/2017,611350152,L,Europe,Online,04/22/2017,108260.0,162880.0,2000
Australia,Vegetables,08/31/2017,566792435,M,Asia-Pacific,Offline,09/27/2017,699063.75,1216923.75,7875
Canada,Meat,12/12/2015,563626557,C,North America,Offline,12/13/2015,744969.45,1071443.4,1695
Singapore,Cosmetics,11/11/2012,904330243,L,Asia-Pacific,Online,12/31/2012,2518908.66,4343632.94,9671
Turkey,Personal Care,08/07/2017,993019801,M,Europe,Offline,08/27/2017,297910.08,434988.48,5232
United States,Household,09/08/2017,307317573,H,North America,Online,09/20/2017,1426197.78,3830555.61,5859
United States,Personal Care,08/30/2016,860289849,H,North America,Online,09/14/2016,216271.44,302604.72,3652
United States,Personal Care,05/12/2017,601389735,M,North America,Offline,06/01/2017,110706.48,152724.36,1916
Mexico,Meat,10/06/2017,397735164,L,North America,Offline,12/03/2017,2222086.7,3460441.88,5398
Canada,Household,11/23/2012,315466821,L,North America,Online,01/22/2013,1075197.68,2836777.64,4436
United Arab Emirates,Snacks,08/13/2011,574144746,C,Middle East and Africa,Online,08/18/2011,1062426.2,1548786.4,7165
India,Baby Food,05/29/2016,801008808,H,Asia-Pacific,Online,06/07/2016,334483.85,1889904.1,7405
United States,Snacks,09/13/2011,927844881,C,North America,Offline,09/16/2011,1000870.92,1389707.84,6511
South Africa,Household,01/22/2016,937335963,C,Middle East and Africa,Online,01/24/2016,38124.24,104861.68,154
Saudi Arabia,Personal Care,08/24/2017,794790862,L,Middle East and Africa,Offline,10/02/2017,360801.45,571618.77,6663
Canada,Office Supplies,02/26/2015,142231531,L,North America,Online,04/21/2015,2583692.0,3056227.5,4850
United Arab Emirates,Cosmetics,01/27/2017,889548331,C,Middle East and Africa,Online,01/30/2017,2036868.0,3575090.7,8070
France,Baby Food,08/25/2016,790853694,M,Europe,Online,09/16/2016,380755.8,2132216.25,8115
Australia,Office Supplies,06/01/2010,535410744,C,Asia-Pacific,Online,06/04/2010,525735.92,677580.8,1018
United States,Snacks,07/01/2016,802046257,C,North America,Online,07/03/2016,186252.8,263001.6,1280
Canada,Personal Care,11/12/2017,430000948,H,North America,Online,11/27/2017,120672.96,185328.78,2238
Canada,Personal Care,03/12/2011,167763965,M,North America,Online,03/30/2011,471696.45,681696.6,8245
Poland,Fruits,05/10/2011,951586433,C,Europe,Offline,05/15/2011,60316.81,87174.52,9043
United Kingdom,Personal Care,09/16/2010,847641906,M,Europe,Offline,10/04/2010,250633.68,371730.48,4587
Japan,Meat,07/01/2011,622877347,M,Asia-Pacific,Online,07/19/2011,2715203.2,3715557.7,6262
United States,Baby Food,12/04/2017,611114497,M,North America,Online,12/28/2017,334672.03,1817898.06,6919
Italy,Cereal,08/15/2014,293274031,L,Europe,Offline,09/21/2014,350345.6,580526.21,2959
Saudi Arabia,Snacks,09/12/2014,669296859,L,Middle East and Africa,Offline,10/12/2014,1372156.35,1893215.52,9237
Mexico,Fruits,01/09/2017,260220977,M,North America,Offline,01/30/2017,30591.08,41513.16,4628
South Africa,Cereal,08/10/2010,762304734,M,Middle East and Africa,Online,09/05/2010,542396.7,956814.3,4770
Saudi Arabia,Beverages,10/10/2011,352651266,H,Middle East and Africa,Online,10/15/2011,256216.48,365414.27,8047
Egypt,Household,07/31/2012,543020992,M,Middle East and Africa,Offline,08/18/2012,1326078.09,3541760.1,5443
Poland,Clothes,07/24/2016,754374295,H,Europe,Offline,08/05/2016,36867.6,104346.0,990
United Arab Emirates,Household,02/18/2015,317122293,L,Middle East and Africa,Online,04/12/2015,832586.56,2296864.05,3281
Japan,Baby Food,07/14/2011,468911928,H,Asia-Pacific,Offline,07/20/2011,365100.75,1907719.03,7727
Spain,Personal Care,06/25/2016,332403478,M,Europe,Online,07/17/2016,85153.72,124175.56,1516
South Africa,Cosmetics,10/07/2012,735409949,H,Middle East and Africa,Offline,10/15/2012,1428859.2,2321677.72,5462
Ireland,Baby Food,06/14/2010,614611532,C,Europe,Online,06/18/2010,378251.64,2141001.27,8361
Canada,Meat,04/06/2016,417602552,M,North America,Online,04/21/2016,2981162.94,4061595.3,6762
Turkey,Beverages,07/03/2017,902392977,H,Europe,Offline,07/12/2017,89210.0,135162.5,2750
Canada,Meat,01/28/2012,773563645,M,North America,Offline,02/23/2012,3317786.43,4566089.22,7707
Canada,Vegetables,04/29/2013,717647827,L,North America,Online,06/11/2013,419139.6,704170.8,4520
Turkey,Beverages,10/10/2015,492550199,L,Europe,Online,12/09/2015,200200.26,276472.8,6063
Saudi Arabia,Fruits,04/08/2017,248612097,L,Middle East and Africa,Online,05/25/2017,8331.12,11479.23,1197
Japan,Office Supplies,07/04/2016,640699840,H,Asia-Pacific,Offline,07/12/2016,1955443.22,2568316.16,3793
Egypt,Baby Food,11/15/2013,604834590,H,Middle East and Africa,Offline,11/27/2013,382812.36,2126923.54,8066
Australia,Personal Care,02/11/2012,291997732,L,Asia-Pacific,Online,04/09/2012,412962.33,614464.84,7601
India,Beverages,04/04/2011,773532691,M,Asia-Pacific,Offline,04/23/2011,252527.08,379037.55,8231
Canada,Household,11/21/2013,303002339,M,North America,Offline,12/19/2013,1890180.8,4690729.88,7372
United States,Clothes,06/28/2016,669261655,L,North America,Offline,08/07/2016,194912.34,604996.14,5446
South Africa,Cosmetics,12/05/2011,926512485,M,Middle East and Africa,Offline,12/28/2011,1003039.8,1746430.7,3815
United States,Fruits,11/13/2011,288290663,L,North America,Offline,01/01/2012,19329.38,24961.42,2734
France,Clothes,07/20/2013,320283891,H,Europe,Online,08/03/2013,77388.36,234271.92,2172
Mexico,Fruits,03/08/2014,230448918,L,North America,Online,04/21/2014,64851.25,83725.2,8945
Canada,Meat,08/04/2013,644826299,M,North America,Offline,08/23/2013,75094.1,106493.1,170
Singapore,Meat,05/04/2016,614302181,L,Asia-Pacific,Online,06/26/2016,3047932.44,4401247.34,7343
United States,Snacks,04/12/2010,159091919,H,North America,Offline,04/23/2010,563029.6,758435.3,3710
Ireland,Office Supplies,03/12/2012,821079668,M,Europe,Offline,03/27/2012,774133.62,951412.54,1469
Mexico,Household,07/25/2013,559175471,M,North America,Offline,08/10/2013,1490998.2,4106440.5,6015
Australia,Fruits,11/13/2013,194058316,H,Asia-Pacific,Offline,11/23/2013,37315.75,49822.96,5147
Sweden,Vegetables,03/28/2013,997123679,C,Europe,Offline,03/30/2013,655162.44,1075900.56,7044
United States,Clothes,11/22/2015,503482553,L,North America,Offline,01/01/2016,44232.37,130449.41,1183
United States,Household,12/18/2011,247024288,L,North America,Offline,02/03/2012,1961628.12,5257166.43,7671
France,Household,06/22/2010,700523461,L,Europe,Offline,08/17/2010,1306315.01,3306642.99,5047
United Arab Emirates,Baby Food,12/11/2012,408903747,H,Middle East and Africa,Online,12/20/2012,358144.14,2035155.84,7842
United Arab Emirates,Meat,05/04/2011,900544937,M,Middle East and Africa,Online,05/27/2011,3620809.5,4878422.34,8178
Australia,Personal Care,01/16/2017,118838880,C,Asia-Pacific,Offline,01/20/2017,115201.05,172194.17,2059
Japan,Personal Care,08/02/2013,487796299,H,Asia-Pacific,Online,08/14/2013,129539.34,181067.52,2319
Egypt,Baby Food,12/10/2015,296760502,L,Middle East and Africa,Offline,01/29/2016,64532.16,355904.64,1358
Mexico,Cereal,09/06/2017,489255767,L,North America,Offline,10/31/2017,575811.76,1055562.64,5032
Mexico,Personal Care,02/22/2010,542375728,L,North America,Online,03/28/2010,476088.27,721561.89,8589
Japan,Beverages,08/24/2015,840509085,M,Asia-Pacific,Online,09/15/2015,104310.51,152115.51,3187
Canada,Meat,06/22/2011,249265120,H,North America,Online,06/27/2011,3305638.44,5055719.76,7956
Egypt,Cereal,05/01/2011,343282447,L,Middle East and Africa,Online,06/07/2011,267808.32,437934.72,2208
Japan,Clothes,10/07/2014,563048450,M,Asia-Pacific,Online,10/25/2014,46846.76,149808.03,1373
United States,Beverages,04/06/2015,111029898,H,North America,Online,04/12/2015,128793.3,197434.95,4245
United States,Personal Care,01/27/2012,397829845,M,North America,Online,02/22/2012,31468.65,48960.24,579
Singapore,Cereal,02/10/2011,402641424,M,Asia-Pacific,Online,02/25/2011,997343.2,1747191.04,8764
Belgium,Baby Food,08/28/2015,823192710,H,Europe,Online,09/09/2015,295372.56,1509152.96,6104
United States,Fruits,05/27/2012,437455876,C,North America,Offline,06/01/2012,26260.08,36633.96,3828
Canada,Beverages,01/19/2014,630120085,M,North America,Offline,02/12/2014,299910.0,419597.16,9228
Canada,Cosmetics,09/15/2017,559520342,C,North America,Offline,09/19/2017,1006050.0,1626552.0,3800
Germany,Meat,02/22/2010,661204449,L,Europe,Online,04/14/2010,3499718.25,5032368.95,8155
United States,Cereal,10/17/2017,281165175,C,North America,Offline,10/22/2017,211814.04,377517.82,1766
Canada,Clothes,09/02/2016,878678109,L,North America,Online,10/29/2016,231876.27,759497.31,6723
Egypt,Vegetables,12/29/2013,649127152,L,Middle East and Africa,Offline,02/12/2014,948489.64,1612791.74,9982
Japan,Meat,10/23/2012,131915385,H,Asia-Pacific,Online,11/04/2012,3385640.91,5369951.58,8247
Mexico,Baby Food,08/09/2017,263999734,H,North America,Offline,08/14/2017,142264.26,788384.9,3034
India,Beverages,04/07/2012,468954488,C,Asia-Pacific,Offline,04/10/2012,262242.32,382464.24,8257
United States,Household,01/18/2015,289911827,H,North America,Offline,01/28/2015,1560047.65,3992433.9,6265
Japan,Meat,07/03/2013,626728039,C,Asia-Pacific,Online,07/07/2013,3501480.58,5076714.24,8086
South Africa,Office Supplies,05/23/2014,826373230,M,Middle East and Africa,Online,06/15/2014,4346516.7,5277866.25,8205
Singapore,Fruits,08/15/2016,896777778,H,Asia-Pacific,Online,08/20/2016,15730.0,20218.0,2200
Mexico,Fruits,10/20/2014,362238769,C,North America,Online,10/23/2014,40851.3,53118.6,5955
Italy,Snacks,09/19/2017,678120648,L,Europe,Online,10/21/2017,747436.5,1049926.65,5095
India,Meat,12/28/2012,505592654,C,Asia-Pacific,Offline,12/29/2012,3317552.0,5096682.8,7795
Egypt,Personal Care,02/14/2011,921309304,H,Middle East and Africa,Offline,03/01/2011,193585.02,283917.75,3473
Japan,Personal Care,11/21/2014,180875500,L,Asia-Pacific,Offline,12/27/2014,473420.48,705515.2,8242
Spain,Cosmetics,06/07/2016,870631850,H,Europe,Offline,06/18/2016,1013118.0,1737436.0,3800
Mexico,Fruits,05/09/2016,954324560,L,North America,Online,07/03/2016,60720.0,79728.0,8800
Mexico,Cosmetics,06/10/2017,771049849,L,North America,Offline,07/27/2017,1336665.19,2265522.69,5233
United Arab Emirates,Baby Food,05/22/2012,759730914,M,Middle East and Africa,Offline,06/20/2012,222295.28,1149722.68,4489
Saudi Arabia,Office Supplies,03/10/2015,422418550,M,Middle East and Africa,Offline,03/29/2015,2045691.18,2678324.64,4038
South Africa,Fruits,08/17/2014,745568239,H,Middle East and Africa,Online,08/26/2014,33710.04,43698.2,4802
Poland,Clothes,02/26/2012,621175333,H,Europe,Online,03/02/2012,152138.7,442026.83,4123
South Africa,Snacks,10/15/2011,398255403,H,Middle East and Africa,Online,10/24/2011,339509.0,512018.8,2335
Turkey,Baby Food,08/15/2010,537020273,C,Europe,Online,08/16/2010,251296.99,1387559.95,5243
India,Household,04/04/2011,932274313,M,Asia-Pacific,Online,04/22/2011,2202198.56,5827659.64,8651
Australia,Beverages,07/07/2013,898819864,M,Asia-Pacific,Online,08/01/2013,314759.42,473009.7,9673
Poland,Clothes,12/19/2011,732950344,M,Europe,Online,01/09/2012,163780.76,490146.8,4598
Canada,Office Supplies,07/20/2013,398214359,L,North America,Online,09/05/2013,3687996.52,4470121.67,7043
Netherlands,Meat,03/28/2010,158703982,L,Europe,Offline,05/17/2010,292321.0,424558.9,670
Spain,Office Supplies,03/02/2017,575026390,C,Europe,Offline,03/05/2017,1105732.21,1330849.96,2099
Saudi Arabia,Household,01/05/2011,272042677,L,Middle East and Africa,Offline,03/05/2011,970968.66,2739391.53,3957
Egypt,Snacks,01/27/2013,457257753,C,Middle East and Africa,Online,01/28/2013,1240701.7,1722825.3,8155
Saudi Arabia,Cereal,12/12/2013,450864838,L,Middle East and Africa,Online,01/24/2014,1193707.35,2059566.2,9965
Saudi Arabia,Baby Food,03/10/2017,436856223,M,Middle East and Africa,Offline,03/29/2017,7047.0,38784.0,150
United States,Cereal,08/30/2016,243355059,M,North America,Online,09/27/2016,621507.82,1137955.54,5333
Japan,Snacks,03/24/2012,505144293,L,Asia-Pacific,Offline,04/25/2012,1037508.96,1452898.44,6891
United Kingdom,Baby Food,03/10/2015,530607955,M,Europe,Online,03/31/2015,212427.6,1083292.98,4389
Egypt,Cereal,11/28/2011,930388241,H,Middle East and Africa,Offline,12/12/2011,225291.24,416997.06,2022
South Africa,Beverages,02/20/2012,563114070,M,Middle East and Africa,Online,03/14/2012,156889.69,225869.13,4817
Ireland,Clothes,09/10/2014,381105036,L,Europe,Online,10/15/2014,250593.77,707355.09,6793
Ireland,Meat,07/15/2016,447082726,M,Europe,Offline,08/13/2016,603449.92,903422.72,1504
United Arab Emirates,Vegetables,09/12/2016,457408429,C,Middle East and Africa,Offline,09/15/2016,113076.0,190848.96,1296
Sweden,Fruits,11/04/2012,498252144,H,Europe,Online,11/17/2012,42991.98,58527.43,6341
Belgium,Baby Food,11/27/2011,440716951,M,Europe,Offline,12/27/2011,278550.68,1390943.16,5657
United Arab Emirates,Cosmetics,06/30/2010,902969226,H,Middle East and Africa,Offline,07/07/2010,2261160.48,3740783.36,8279
Australia,Cosmetics,10/19/2015,627502276,L,Asia-Pacific,Offline,11/28/2015,1981097.13,3106544.46,7239
Belgium,Snacks,02/13/2012,379413359,C,Europe,Online,02/15/2012,147569.24,202000.68,994
Sweden,Household,06/17/2010,591515743,H,Europe,Offline,06/29/2010,1560641.29,3994371.94,5941
Saudi Arabia,Vegetables,12/02/2013,280705383,M,Middle East and Africa,Online,12/19/2013,324040.36,512594.18,3437
Japan,Personal Care,09/02/2014,452893605,H,Asia-Pacific,Online,09/08/2014,240499.27,343782.94,4133
Canada,Snacks,03/11/2014,187040987,H,North America,Offline,03/25/2014,289731.64,377926.01,1837
South Africa,Meat,09/11/2013,888469616,L,Middle East and Africa,Online,10/12/2013,3118283.5,4799598.77,7523
Italy,Baby Food,08/16/2010,199375888,L,Europe,Offline,10/08/2010,59968.86,324425.62,1258
Egypt,Cereal,01/01/2011,405947579,M,Middle East and Africa,Offline,01/16/2011,397304.76,742400.95,3511
Germany,Cosmetics,06/24/2013,494553760,C,Europe,Offline,06/29/2013,584404.62,944384.54,2251
Sweden,Meat,01/04/2013,970798567,C,Europe,Offline,01/09/2013,4159188.4,6353829.9,9935
Japan,Household,06/15/2010,795366600,C,Asia-Pacific,Online,06/20/2010,1494847.7,3875661.94,5699
Sweden,Office Supplies,04/02/2015,259565048,H,Europe,Offline,04/13/2015,763236.98,907700.75,1397
Turkey,Cosmetics,04/25/2013,215569160,M,Europe,Offline,05/11/2013,2301646.86,3808788.37,9127
South Africa,Beverages,12/26/2013,222337296,C,Middle East and Africa,Offline,12/29/2013,295248.78,460126.71,9693
United Arab Emirates,Cereal,12/08/2010,913202948,C,Middle East and Africa,Online,12/12/2010,571891.68,1046502.56,4976
Egypt,Fruits,01/29/2012,565788042,M,Middle East and Africa,Online,02/15/2012,67473.0,94862.04,9996
United States,Household,12/05/2011,806218351,H,North America,Online,12/20/2011,1974895.65,5240499.81,7917
Egypt,Personal Care,05/24/2013,976139210,L,Middle East and Africa,Offline,06/25/2013,117335.4,170200.8,2149
Mexico,Clothes,05/25/2015,772225892,H,North America,Online,06/09/2015,90149.64,269061.24,2478
Germany,Cosmetics,04/26/2015,893260250,C,Europe,Online,04/30/2015,115726.11,207839.03,457
South Africa,Meat,07/25/2016,520620533,H,Middle East and Africa,Offline,08/02/2016,1404155.54,2188617.82,3398
Canada,Baby Food,08/30/2014,412216780,H,North America,Offline,09/11/2014,458882.0,2458898.6,9580
Canada,Household,08/07/2012,694053774,C,North America,Offline,08/08/2012,2087192.0,5895441.9,8755
Canada,Snacks,04/24/2011,273230463,C,North America,Offline,04/28/2011,877497.99,1224126.75,5781
Japan,Meat,08/08/2012,746500088,L,Asia-Pacific,Offline,09/23/2012,1574257.41,2349160.92,3699
United Arab Emirates,Cosmetics,07/20/2017,767698175,C,Middle East and Africa,Offline,07/23/2017,2125822.36,3544813.88,7838
Spain,Vegetables,06/13/2011,951995296,H,Europe,Offline,06/20/2011,295710.4,518469.92,3368
South Africa,Cosmetics,03/30/2016,826845755,M,Middle East and Africa,Online,04/15/2016,103065.17,169415.78,397
France,Office Supplies,10/15/2013,340620860,H,Europe,Online,10/26/2013,1044732.71,1232345.17,1967
Egypt,Fruits,03/31/2016,748850893,L,Middle East and Africa,Online,05/08/2016,18444.16,24935.68,2576
Mexico,Baby Food,03/31/2011,213184291,C,North America,Offline,04/01/2011,86663.31,430910.71,1769
Turkey,Beverages,10/06/2011,206616380,M,Europe,Offline,10/30/2011,239202.46,347877.52,7333
Turkey,Fruits,05/19/2011,925743075,L,Europe,Online,07/15/2011,23440.16,31514.75,3407
United States,Meat,08/31/2015,545612096,L,North America,Offline,10/05/2015,616381.92,952907.12,1496
Japan,Cereal,07/20/2011,654217523,C,Asia-Pacific,Online,07/24/2011,838574.73,1470065.97,6873
India,Meat,10/21/2015,929328811,M,Asia-Pacific,Online,11/07/2015,618039.23,919338.38,1489
Poland,Baby Food,05/28/2017,865974687,C,Europe,Online,05/30/2017,431414.55,2460442.32,9513
Australia,Household,11/10/2013,257691669,L,Asia-Pacific,Offline,12/10/2013,1219781.01,3164068.95,4683
South Africa,Snacks,10/27/2017,190495952,M,Middle East and Africa,Offline,11/22/2017,1054659.06,1488214.21,6727
Mexico,Fruits,11/02/2015,435278479,C,North America,Online,11/07/2015,31926.72,44374.34,4751
Japan,Baby Food,09/15/2012,164366244,H,Asia-Pacific,Offline,09/24/2012,349613.76,1723758.84,7026
Singapore,Snacks,07/15/2010,105597844,L,Asia-Pacific,Online,09/07/2010,325307.4,459994.95,2143
Egypt,Clothes,05/10/2013,657987812,M,Middle East and Africa,Offline,06/03/2013,345786.64,1058604.08,9484
Germany,Fruits,02/04/2015,187990100,M,Europe,Offline,02/22/2015,17682.07,24109.64,2501
United States,Household,05/29/2012,731617307,M,North America,Offline,06/27/2012,340861.22,923957.58,1379
Egypt,Personal Care,12/08/2014,236498330,C,Middle East and Africa,Offline,12/12/2014,405474.3,546222.6,6930
South Africa,Cereal,02/09/2015,496567279,H,Middle East and Africa,Online,02/21/2015,76080.0,136202.22,634
Mexico,Household,02/22/2014,498860032,H,North America,Online,03/08/2014,1157425.36,3124864.4,4844
Singapore,Cosmetics,04/25/2010,152238662,L,Asia-Pacific,Offline,06/19/2010,619540.4,1076332.8,2440
Singapore,Clothes,01/09/2010,548367904,M,Asia-Pacific,Offline,01/27/2010,320171.0,1027903.1,9070
Egypt,Personal Care,03/26/2014,594926438,C,Middle East and Africa,Offline,03/30/2014,132291.25,186026.75,2275
South Africa,Cereal,01/03/2017,463996201,L,Middle East and Africa,Online,02/23/2017,788645.69,1457077.23,6811
Mexico,Meat,11/10/2011,859563731,L,North America,Online,01/01/2012,215014.58,324862.12,506
India,Snacks,12/09/2016,660228870,H,Asia-Pacific,Online,12/22/2016,1494827.01,2128535.86,9551
Sweden,Office Supplies,05/20/2017,320981432,H,Europe,Online,06/02/2017,1671856.12,1937688.64,3044
Ireland,Meat,07/04/2014,465025573,H,Europe,Offline,07/18/2014,352820.61,544552.2,837
United Arab Emirates,Household,04/14/2014,280556122,H,Middle East and Africa,Offline,04/23/2014,383112.8,1020610.59,1591
Japan,Cereal,09/24/2011,449278231,L,Asia-Pacific,Online,11/02/2011,807222.4,1331578.36,6772
United Kingdom,Vegetables,05/17/2014,376954836,H,Europe,Offline,05/23/2014,468474.24,855467.73,5343
Saudi Arabia,Baby Food,09/11/2016,223567680,M,Middle East and Africa,Online,10/03/2016,388278.24,2088068.64,8176
India,Fruits,09/26/2010,119996117,C,Asia-Pacific,Offline,09/30/2010,3930.78,5202.84,573
India,Clothes,05/16/2016,318460189,M,Asia-Pacific,Offline,06/13/2016,254396.1,820288.56,7406
Netherlands,Office Supplies,01/11/2016,598916337,M,Europe,Online,02/08/2016,4803743.85,5689038.45,9195
Japan,Baby Food,01/24/2013,477332115,H,Asia-Pacific,Offline,02/07/2013,206542.6,1061846.2,4210
Ireland,Office Supplies,10/24/2011,524455403,L,Europe,Online,12/16/2011,4675189.5,5648335.5,8850
United States,Vegetables,05/13/2012,832400367,L,North America,Offline,07/01/2012,795903.3,1266046.2,8370
Singapore,Vegetables,10/04/2012,452678285,C,Asia-Pacific,Offline,10/07/2012,503045.1,917957.61,5697
Mexico,Cereal,01/18/2010,855162274,H,North America,Offline,01/23/2010,341652.87,629301.69,2943
South Africa,Office Supplies,01/16/2016,972717220,H,Middle East and Africa,Online,01/21/2016,3947862.0,4743644.52,7393
Egypt,Household,05/27/2011,337856110,M,Middle East and Africa,Online,06/25/2011,1612453.22,4099732.33,6169
Canada,Snacks,01/04/2011,630223017,L,North America,Online,03/01/2011,796988.43,1049730.39,5067
India,Cosmetics,01/30/2010,637220565,C,Asia-Pacific,Online,02/01/2010,1667610.01,2816599.83,6589
United Arab Emirates,Office Supplies,09/25/2010,344775738,M,Middle East and Africa,Online,10/14/2010,588791.0,791547.6,1165
Japan,Snacks,08/20/2017,822735389,H,Asia-Pacific,Offline,09/02/2017,1092714.26,1594527.72,7537
Canada,Household,05/14/2011,146669835,C,North America,Offline,05/19/2011,1938632.96,5183988.48,7744
United Kingdom,Cosmetics,07/19/2013,713986637,C,Europe,Offline,07/20/2013,1664490.8,2731358.4,6520
Mexico,Clothes,10/20/2012,771405073,C,North America,Online,10/22/2012,98432.62,291973.0,2794
United States,Meat,08/24/2016,465933326,C,North America,Online,08/27/2016,1727946.44,2613223.8,4202
Canada,Office Supplies,09/23/2016,191842179,M,North America,Online,10/22/2016,886077.18,1094135.45,1667
United States,Household,06/07/2011,563683590,L,North America,Online,07/08/2011,1756462.0,4959417.8,7340
United States,Snacks,04/22/2013,350302083,H,North America,Online,05/03/2013,978165.21,1459664.88,6681
Canada,Household,12/15/2016,940663765,C,North America,Offline,12/20/2016,433470.37,1226920.09,1759
Canada,Office Supplies,03/19/2011,947629428,L,North America,Online,04/21/2011,159517.96,187538.05,301
Ireland,Cereal,09/21/2014,147320653,L,Europe,Offline,11/05/2014,837567.12,1463878.0,7384
United States,Cosmetics,06/28/2013,431436631,C,North America,Offline,07/03/2013,2426020.28,3781679.48,8966
Singapore,Fruits,08/23/2010,158634129,H,Asia-Pacific,Online,08/31/2010,60033.12,78951.12,8408
Egypt,Clothes,10/08/2010,601869492,M,Middle East and Africa,Online,11/02/2010,116680.88,356734.82,3202
Singapore,Personal Care,09/08/2013,145303473,L,Asia-Pacific,Offline,10/13/2013,102496.97,152791.53,1817
United Arab Emirates,Baby Food,03/26/2015,974726647,M,Middle East and Africa,Online,04/16/2015,190197.76,1052714.08,4016
Australia,Clothes,01/28/2010,223683564,C,Asia-Pacific,Online,01/31/2010,8989.22,27284.68,262
Spain,Meat,06/29/2010,381319126,M,Europe,Offline,07/14/2010,1375528.68,2028059.26,3362
Netherlands,Office Supplies,03/13/2012,122541876,M,Europe,Online,03/28/2012,1620192.64,2023002.8,2984
Poland,Snacks,05/11/2012,809645329,H,Europe,Offline,05/20/2012,1125647.88,1664083.54,7574
Belgium,Personal Care,05/01/2011,506084357,C,Europe,Online,05/03/2011,130798.28,177588.82,2242
Singapore,Personal Care,07/09/2010,947813439,C,Asia-Pacific,Online,07/14/2010,533835.02,797398.44,9722
Netherlands,Clothes,06/02/2011,187410848,H,Europe,Offline,06/15/2011,359880.18,1025880.9,9669
Saudi Arabia,Cereal,08/05/2015,664225204,C,Middle East and Africa,Offline,08/10/2015,873475.1,1618799.42,7706
South Africa,Meat,02/26/2017,317970120,L,Middle East and Africa,Offline,04/26/2017,4139506.07,5851338.43,9667
United Arab Emirates,Household,10/07/2014,373298690,M,Middle East and Africa,Offline,11/03/2014,2288237.46,6538970.15,9461
United States,Beverages,10/27/2015,766928774,L,North America,Offline,12/07/2015,124104.26,183059.59,3871
Australia,Meat,08/03/2014,292807232,C,Asia-Pacific,Offline,08/06/2014,3417316.67,5084431.22,8251
United Arab Emirates,Cosmetics,12/04/2010,943825024,H,Middle East and Africa,Offline,12/13/2010,2193734.4,3689753.6,8320
Japan,Beverages,01/15/2014,453520145,H,Asia-Pacific,Online,01/20/2014,278978.64,416206.46,9046
Singapore,Vegetables,11/30/2017,894376757,L,Asia-Pacific,Online,01/18/2018,225094.68,372446.1,2358
India,Cosmetics,07/13/2014,112767564,L,Asia-Pacific,Offline,09/11/2014,1833902.07,3025827.09,6747
United Arab Emirates,Household,05/09/2012,913489677,M,Middle East and Africa,Online,06/08/2012,985589.65,2700716.02,3929
South Africa,Fruits,02/09/2012,699627706,H,Middle East and Africa,Offline,02/20/2012,46656.96,64431.04,6943
Canada,Cereal,02/09/2010,836332204,M,North America,Offline,03/11/2010,681009.3,1205876.4,5910
Egypt,Fruits,07/24/2011,752660297,H,Middle East and Africa,Online,07/31/2011,38404.7,52951.1,5510
South Africa,Clothes,12/30/2015,584832360,C,Middle East and Africa,Online,01/03/2016,113863.75,342100.85,3185
India,Cereal,05/12/2010,514350655,H,Asia-Pacific,Online,05/26/2010,904274.85,1617028.55,8105
Japan,Clothes,02/06/2015,541158894,L,Asia-Pacific,Online,03/09/2015,220451.49,648830.91,6139
United Arab Emirates,Beverages,05/13/2015,239513727,M,Middle East and Africa,Offline,05/30/2015,215162.52,318406.87,6473
Spain,Household,10/08/2016,835336980,C,Europe,Online,10/13/2016,1309685.76,3465192.96,5184
Egypt,Clothes,12/31/2014,453144519,H,Middle East and Africa,Online,01/06/2015,240537.02,707332.91,6641
South Africa,Meat,03/25/2013,950775885,H,Middle East and Africa,Online,04/09/2013,3147297.68,4885913.92,7576
Australia,Personal Care,10/17/2012,296971836,M,Asia-Pacific,Offline,11/06/2012,405110.97,610861.11,7179
Canada,Vegetables,10/09/2011,849519028,H,North America,Online,10/18/2011,793346.4,1429787.7,8910
Sweden,Household,11/10/2010,584188831,H,Europe,Offline,11/16/2010,2150635.32,5492136.96,8364
Spain,Clothes,04/20/2010,308739262,H,Europe,Offline,04/26/2010,271488.47,858473.99,7667
Saudi Arabia,Baby Food,12/14/2017,620506264,L,Middle East and Africa,Online,02/11/2018,108927.68,611167.68,2336
Saudi Arabia,Beverages,07/29/2011,119398359,M,Middle East and Africa,Offline,08/28/2011,153648.24,214443.97,4673
United States,Cosmetics,11/21/2011,484492979,H,North America,Offline,11/27/2011,75844.0,119440.15,283
Italy,Vegetables,12/16/2014,210373455,H,Europe,Online,12/21/2014,799091.86,1363941.74,8666
Egypt,Meat,07/19/2010,356130725,H,Middle East and Africa,Online,07/30/2010,1498131.9,2096560.65,3405
Germany,Baby Food,03/01/2010,203726898,C,Europe,Online,03/04/2010,156878.4,792934.24,3248
France,Baby Food,09/01/2013,681648793,C,Europe,Online,09/04/2013,447249.4,2405745.68,9308
South Africa,Beverages,03/10/2011,439560357,M,Middle East and Africa,Online,04/05/2011,165988.5,253652.02,5398
Canada,Clothes,09/28/2010,541411867,C,North America,Online,10/01/2010,210220.45,697396.05,6145
Australia,Beverages,01/24/2011,844876980,M,Asia-Pacific,Offline,02/18/2011,209239.76,321295.54,6466
Netherlands,Cereal,10/04/2010,510568162,L,Europe,Offline,11/13/2010,46049.82,80698.05,389
Belgium,Personal Care,03/28/2010,913086431,H,Europe,Online,04/11/2010,118517.88,178384.44,2132
Ireland,Beverages,03/15/2014,789384018,H,Europe,Online,03/27/2014,152935.56,232378.74,4959
United States,Vegetables,07/04/2011,659282971,C,North America,Offline,07/07/2011,489056.48,838087.14,5302
Egypt,Baby Food,11/04/2013,814044769,M,Middle East and Africa,Offline,11/26/2013,165406.08,922371.52,3472
Turkey,Vegetables,11/06/2015,627896893,M,Europe,Offline,12/01/2015,280903.87,455020.15,3107
United States,Baby Food,05/30/2011,319444197,M,North America,Online,06/16/2011,141036.05,776714.3,2945
Belgium,Beverages,06/29/2013,367328888,C,Europe,Offline,07/01/2013,103349.28,153155.76,3336
Singapore,Personal Care,01/18/2013,505571070,C,Asia-Pacific,Online,01/22/2013,83514.3,113617.8,1410
Sweden,Meat,10/01/2011,189370596,C,Europe,Offline,10/05/2011,183566.56,262464.48,424
Japan,Office Supplies,04/08/2014,750714773,M,Asia-Pacific,Offline,05/07/2014,2670599.72,3286781.88,5111
Saudi Arabia,Fruits,03/12/2012,884227355,M,Middle East and Africa,Offline,03/31/2012,21095.48,31002.02,3206
Australia,Household,03/09/2014,176487306,C,Asia-Pacific,Offline,03/13/2014,1994596.8,5690902.0,8120
Saudi Arabia,Beverages,03/06/2012,474283516,C,Middle East and Africa,Online,03/10/2012,139807.3,208276.48,4282
Egypt,Vegetables,10/03/2014,488065635,H,Middle East and Africa,Offline,10/11/2014,369271.1,653438.5,4070
Mexico,Snacks,10/15/2016,811466339,M,North America,Offline,11/13/2016,374158.62,541239.06,2514
United Kingdom,Beverages,06/17/2014,554133586,H,Europe,Offline,07/01/2014,45099.6,65093.52,1416
Poland,Cosmetics,07/28/2016,195427130,L,Europe,Offline,09/05/2016,1847473.14,3118697.25,6843
Mexico,Personal Care,01/06/2013,430820228,L,North America,Online,02/28/2013,208776.52,285738.8,3532
United States,Meat,10/14/2010,562728604,H,North America,Online,10/25/2010,3639906.0,5310045.0,8700
France,Fruits,03/22/2012,708910536,M,Europe,Online,04/21/2012,21320.52,27636.57,3081
France,Clothes,02/25/2012,217247719,H,Europe,Online,03/05/2012,242177.11,773430.63,6797
Germany,Cosmetics,05/26/2011,613138122,H,Europe,Offline,06/04/2011,298563.84,507962.88,1152
Saudi Arabia,Baby Food,01/30/2010,326632925,H,Middle East and Africa,Offline,02/14/2010,470722.44,2348598.36,9642
Canada,Personal Care,04/23/2015,832141597,L,North America,Offline,06/16/2015,321858.46,451872.19,5621
Singapore,Clothes,03/31/2014,965726040,L,Asia-Pacific,Offline,05/19/2014,38928.98,117554.32,1037
United States,Meat,04/16/2010,850829666,C,North America,Online,04/21/2010,924352.98,1288507.4,2113
Netherlands,Meat,05/28/2017,972543056,C,Europe,Offline,05/30/2017,66802.4,98464.08,151
India,Snacks,08/26/2013,893714928,L,Asia-Pacific,Online,10/16/2013,1095855.29,1570103.62,7379
Canada,Household,04/26/2014,714065028,C,North America,Online,04/29/2014,842984.96,2284095.04,3296
United States,Meat,07/19/2017,224208992,H,North America,Offline,08/01/2017,3160331.72,4805309.6,7748
United Arab Emirates,Clothes,05/26/2017,272051317,M,Middle East and Africa,Online,06/12/2017,65095.08,204077.92,1828
Australia,Cosmetics,06/20/2017,780267188,M,Asia-Pacific,Offline,07/20/2017,566432.04,964218.88,2116
Saudi Arabia,Vegetables,06/17/2016,870348269,L,Middle East and Africa,Online,08/10/2016,864568.77,1507453.24,9941
South Africa,Clothes,04/19/2011,735870426,M,Middle East and Africa,Offline,05/13/2011,52915.2,165166.08,1536
Germany,Personal Care,07/07/2013,166448444,L,Europe,Online,09/05/2013,361449.19,491510.14,6329
Poland,Household,08/14/2017,338522684,L,Europe,Offline,10/12/2017,544288.86,1464205.14,2169
Canada,Baby Food,08/16/2011,745818574,C,North America,Offline,08/19/2011,174900.7,936796.9,3686
Japan,Vegetables,06/19/2013,716297688,H,Asia-Pacific,Offline,07/02/2013,188582.14,338289.24,2122
United Arab Emirates,Meat,08/29/2010,886685642,L,Middle East and Africa,Offline,10/23/2010,2263439.92,3540835.06,5558
United Kingdom,Cereal,05/10/2013,827888175,C,Europe,Offline,05/12/2013,53304.51,91669.08,453
Egypt,Household,12/03/2015,688421294,C,Middle East and Africa,Online,12/06/2015,1206878.62,3061928.14,4726
Saudi Arabia,Cereal,12/16/2017,574469049,L,Middle East and Africa,Online,01/24/2018,903316.32,1574574.84,7596
Egypt,Cereal,03/12/2012,828338194,M,Middle East and Africa,Online,03/27/2012,722631.84,1250606.84,6034
Poland,Household,01/29/2011,653444307,M,Europe,Online,02/24/2011,1906227.09,5019424.68,7863
Australia,Cereal,05/20/2010,740117068,C,Asia-Pacific,Online,05/21/2010,468931.4,815835.44,4046
Turkey,Vegetables,03/15/2015,112458001,C,Europe,Online,03/19/2015,424627.17,706144.89,4609
United States,Beverages,03/12/2017,714857387,H,North America,Offline,03/27/2017,261304.92,404464.86,8451
Egypt,Vegetables,04/22/2014,449211955,H,Middle East and Africa,Online,05/04/2014,641965.5,1068429.45,7205
Mexico,Office Supplies,11/10/2017,972089089,M,North America,Offline,11/25/2017,3458272.9,4281602.58,6551
Saudi Arabia,Office Supplies,05/21/2017,105716605,H,Middle East and Africa,Online,05/27/2017,1664517.6,2031595.2,3060
Egypt,Beverages,06/13/2016,908601398,H,Middle East and Africa,Online,06/21/2016,83545.68,126908.3,2741
United States,Beverages,02/08/2016,366649918,L,North America,Offline,03/14/2016,234202.61,338894.2,7031
India,Office Supplies,07/27/2011,478082887,L,Asia-Pacific,Offline,09/13/2011,4353852.0,5309633.15,8135
Germany,Snacks,05/31/2010,244104747,H,Europe,Online,06/08/2010,361987.92,533104.2,2421
Ireland,Fruits,12/23/2016,797684086,L,Europe,Online,02/04/2017,9160.1,12006.98,1318
Poland,Meat,08/03/2017,886703684,H,Europe,Offline,08/14/2017,1035636.4,1459699.42,2446
Japan,Vegetables,09/16/2014,506885773,L,Asia-Pacific,Online,11/11/2014,233325.64,414292.86,2614
Mexico,Clothes,05/26/2011,453644935,H,North America,Offline,06/08/2011,69423.0,205910.52,1902
Canada,Fruits,07/13/2012,338612895,L,North America,Online,08/20/2012,1733.04,2552.58,261
Saudi Arabia,Beverages,08/08/2016,402791679,M,Middle East and Africa,Offline,09/07/2016,53080.2,80586.0,1665
India,Baby Food,05/15/2014,946911070,M,Asia-Pacific,Offline,06/04/2014,281419.5,1495264.1,5755
South Africa,Personal Care,02/08/2010,387086253,M,Middle East and Africa,Offline,02/27/2010,118590.5,178547.6,2170
Mexico,Snacks,08/09/2017,480106125,L,North America,Online,09/27/2017,1082704.48,1434614.72,6952
Egypt,Cosmetics,06/04/2013,196787722,C,Middle East and Africa,Online,06/05/2013,1332263.09,2190954.07,5107
United States,Vegetables,11/08/2011,629194227,M,North America,Online,11/24/2011,138312.9,230011.65,1485
Canada,Snacks,08/02/2015,992706183,M,North America,Offline,08/20/2015,978813.88,1392496.93,6743
Mexico,Household,06/01/2017,581736456,L,North America,Online,07/31/2017,2232285.12,5581062.88,8752
Turkey,Office Supplies,11/04/2010,553894576,M,Europe,Online,11/30/2010,1200653.12,1554673.12,2284
South Africa,Cereal,10/16/2013,226557010,L,Middle East and Africa,Online,12/14/2013,507190.08,892560.64,4192
Singapore,Meat,05/22/2012,790387684,L,Asia-Pacific,Offline,06/21/2012,3931490.6,6121690.67,9419
Canada,Personal Care,12/28/2013,105534508,C,North America,Online,12/29/2013,425659.4,615486.68,7642
Japan,Household,02/20/2011,265045572,L,Asia-Pacific,Online,04/04/2011,1982143.68,5469583.81,8161
Saudi Arabia,Meat,05/13/2017,491374277,H,Middle East and Africa,Online,05/22/2017,1600152.6,2342160.84,3804
United Arab Emirates,Office Supplies,12/02/2014,565961168,L,Middle East and Africa,Online,01/22/2015,3701618.58,4683053.62,7298
Canada,Vegetables,02/16/2012,455637797,M,North America,Online,03/11/2012,66488.4,116005.56,759
United States,Snacks,06/17/2017,958800276,M,North America,Offline,07/10/2017,309723.48,438212.28,2046
Netherlands,Household,03/26/2011,114655448,C,Europe,Online,03/27/2011,107526.14,293401.1,446
United Kingdom,Snacks,09/11/2016,621762558,L,Europe,Offline,11/03/2016,35014.98,48191.22,231
Canada,Clothes,10/18/2012,365594731,M,North America,Online,11/10/2012,73705.6,227525.12,1984
United Arab Emirates,Meat,02/12/2012,141195640,H,Middle East and Africa,Online,02/26/2012,1040951.92,1523172.32,2536
Japan,Cereal,11/30/2016,663683515,C,Asia-Pacific,Online,12/02/2016,192872.82,322948.36,1589
Japan,Clothes,05/17/2015,218170604,L,Asia-Pacific,Offline,06/17/2015,300757.74,882324.14,8453
Singapore,Cosmetics,10/08/2012,809132123,L,Asia-Pacific,Offline,11/17/2012,224101.05,365101.44,879
Japan,Cosmetics,10/20/2016,490392385,C,Asia-Pacific,Offline,10/21/2016,1825759.77,3270231.2,7159
Singapore,Beverages,08/29/2017,488034147,H,Asia-Pacific,Online,09/11/2017,69812.5,108550.06,2234
Japan,Snacks,07/21/2016,897347186,L,Asia-Pacific,Online,09/01/2016,242331.21,313811.96,1529
United States,Personal Care,11/26/2017,468183891,M,North America,Online,12/25/2017,93110.16,140900.76,1716
Australia,Clothes,06/08/2011,915351389,M,Asia-Pacific,Online,06/29/2011,250375.02,740837.58,6951
Singapore,Meat,10/05/2010,949206491,H,Asia-Pacific,Offline,10/17/2010,2945005.96,4538856.64,6964
United States,Personal Care,04/01/2013,304215938,L,North America,Online,05/02/2013,507991.68,802491.84,9376
South Africa,Snacks,11/29/2014,751995775,H,Middle East and Africa,Online,12/12/2014,981517.29,1347452.61,6393
Japan,Cereal,05/31/2016,948950616,H,Asia-Pacific,Online,06/08/2016,1170337.41,2092513.5,9801
Egypt,Cosmetics,12/11/2017,672911909,M,Middle East and Africa,Offline,01/03/2018,2316681.8,3888238.98,9146
Spain,Baby Food,06/29/2011,984130042,M,Europe,Offline,07/22/2011,45434.72,234933.28,944
Belgium,Beverages,02/04/2017,689779617,H,Europe,Offline,02/18/2017,191970.81,304706.79,6147
Japan,Household,08/23/2010,400314642,L,Asia-Pacific,Offline,10/12/2010,69811.2,175367.7,270
Spain,Baby Food,05/02/2017,448174776,H,Europe,Offline,05/11/2017,420297.5,2315925.0,9125
Japan,Personal Care,01/02/2015,200600013,C,Asia-Pacific,Online,01/04/2015,403199.37,612909.18,7209
United Arab Emirates,Meat,02/13/2012,274932560,M,Middle East and Africa,Online,03/14/2012,1307906.6,1813692.4,3055
Poland,Snacks,08/11/2011,532185699,M,Europe,Online,08/28/2011,1053617.34,1571887.38,7086
Mexico,Office Supplies,10/07/2016,114551414,M,North America,Online,10/25/2016,3264211.17,3937033.62,6291
United States,Clothes,08/08/2011,950039201,H,North America,Offline,08/23/2011,338408.4,1135107.12,9924
Mexico,Vegetables,04/08/2012,975598792,L,North America,Online,05/12/2012,743614.59,1276236.81,7971
Spain,Fruits,09/25/2012,232151333,C,Europe,Online,09/26/2012,63485.25,85097.25,9005
United States,Beverages,09/27/2015,125770743,L,North America,Online,11/24/2015,211607.6,341126.64,6904
Poland,Household,05/08/2017,837409683,M,Europe,Offline,06/01/2017,991838.0,2586242.0,3800
Canada,Cereal,02/21/2011,487076952,H,North America,Online,03/02/2011,667741.1,1204375.12,5954
United States,Personal Care,10/22/2014,816479341,M,North America,Online,11/16/2014,544430.64,805034.88,9924
Singapore,Fruits,08/07/2015,863759729,H,Asia-Pacific,Offline,08/22/2015,44381.34,59134.14,6147
United States,Cereal,08/29/2011,613712459,M,North America,Offline,09/25/2011,887934.6,1569426.26,7418
United States,Personal Care,08/16/2011,513409285,C,North America,Offline,08/17/2011,320662.24,426668.96,5392
Singapore,Meat,10/11/2017,961292259,C,Asia-Pacific,Offline,10/15/2017,4324460.66,6105946.86,9958
Poland,Household,12/22/2015,552948066,C,Europe,Offline,12/27/2015,958057.2,2607141.6,3870
Germany,Clothes,04/12/2012,243444042,L,Europe,Online,06/08/2012,13468.35,41529.0,381
United States,Fruits,04/22/2013,552127953,L,North America,Online,06/05/2013,17596.15,23084.18,2461
Italy,Clothes,04/26/2011,556027541,H,Europe,Online,05/03/2011,230497.12,700163.28,6284
India,Vegetables,05/08/2015,184818406,H,Asia-Pacific,Online,05/22/2015,233202.06,408978.18,2691
Germany,Baby Food,01/18/2012,421593943,C,Europe,Online,01/22/2012,116468.85,623538.25,2395
South Africa,Vegetables,03/26/2017,789830038,L,Middle East and Africa,Offline,05/17/2017,28120.84,47008.16,316
Mexico,Cereal,06/12/2014,714250258,M,North America,Online,07/10/2014,888112.82,1602736.64,7543
Japan,Household,01/12/2011,160126132,M,Asia-Pacific,Offline,02/08/2011,551561.0,1422461.5,2150
Poland,Cereal,05/10/2015,962578964,H,Europe,Offline,05/20/2015,814772.78,1339382.97,6737
Australia,Clothes,03/04/2011,130117239,L,Asia-Pacific,Online,04/05/2011,218780.82,683168.94,6042
Spain,Cereal,05/17/2012,692374111,H,Europe,Online,05/31/2012,33510.69,56293.83,279
Turkey,Baby Food,12/15/2010,151592119,M,Europe,Offline,12/31/2010,464559.36,2379466.32,9336
India,Cosmetics,03/02/2013,879201690,H,Asia-Pacific,Offline,03/13/2013,2117713.5,3717901.95,8295
Japan,Vegetables,07/27/2014,125431905,H,Asia-Pacific,Offline,08/09/2014,159526.3,277658.2,1754
South Africa,Personal Care,10/23/2011,871443460,H,Middle East and Africa,Offline,10/30/2011,417250.36,636176.12,7687
Italy,Snacks,08/17/2015,486886743,M,Europe,Online,09/11/2015,1166146.83,1558132.08,7431
Saudi Arabia,Vegetables,05/05/2012,634211070,C,Middle East and Africa,Online,05/10/2012,126279.52,205959.52,1328
United States,Cereal,08/06/2015,273379761,L,North America,Online,09/08/2015,867836.43,1620671.13,7551
Canada,Personal Care,01/01/2011,608160077,L,North America,Offline,02/02/2011,175605.1,247079.35,3035
Australia,Snacks,05/18/2016,539196085,M,Asia-Pacific,Online,06/17/2016,112574.0,156002.88,748
Sweden,Fruits,12/08/2010,832888487,L,Europe,Offline,01/28/2011,47533.48,62576.59,6869
Mexico,Snacks,11/06/2017,503535467,H,North America,Online,11/19/2017,33881.3,47081.0,230
Ireland,Household,05/10/2014,674576164,H,Europe,Online,05/22/2014,402318.77,1086506.96,1631
Saudi Arabia,Beverages,06/14/2014,467674476,M,Middle East and Africa,Online,07/12/2014,106024.64,152839.84,3368
United Arab Emirates,Vegetables,02/14/2013,256244254,C,Middle East and Africa,Online,02/18/2013,66404.18,117025.19,727
Netherlands,Personal Care,09/13/2010,327088752,H,Europe,Offline,09/23/2010,424329.48,567320.94,7146
Mexico,Household,02/16/2017,187734495,L,North America,Offline,03/23/2017,354734.12,959492.04,1469
Australia,Household,01/24/2012,908716628,M,Asia-Pacific,Offline,02/09/2012,420188.76,1070872.86,1614
Japan,Clothes,05/27/2015,848065282,L,Asia-Pacific,Offline,07/11/2015,324041.96,936722.61,8873
Egypt,Vegetables,04/16/2016,761975126,C,Middle East and Africa,Online,04/21/2016,292012.77,525247.45,3353
Netherlands,Snacks,09/09/2011,439740334,L,Europe,Online,11/06/2011,1212148.8,1622543.4,7614
Mexico,Household,01/20/2015,721027598,L,North America,Online,03/21/2015,547975.79,1462830.45,2159
United States,Clothes,10/23/2017,305255412,M,North America,Offline,11/12/2017,352053.0,1070280.9,9945
Canada,Fruits,06/11/2013,589623575,H,North America,Offline,06/24/2013,15129.58,20294.21,2143
South Africa,Fruits,11/13/2015,559973407,L,Middle East and Africa,Offline,01/06/2016,37253.3,50586.06,5602
Japan,Office Supplies,04/12/2014,206542097,M,Asia-Pacific,Offline,05/06/2014,3866044.0,4827976.79,7267
United States,Beverages,03/01/2011,724094803,H,North America,Offline,03/13/2011,275412.48,425752.32,9024
Mexico,Cosmetics,07/01/2012,604201501,C,North America,Online,07/05/2012,2377447.4,3873082.93,9137
Canada,Meat,02/01/2010,807254247,C,North America,Offline,02/04/2010,1590887.28,2294938.08,3768
Singapore,Household,08/26/2014,976932479,M,Asia-Pacific,Online,09/11/2014,84457.32,243438.72,354
Singapore,Cereal,03/26/2016,155384669,C,Asia-Pacific,Online,03/30/2016,385738.32,662628.56,3256
United Arab Emirates,Snacks,07/10/2014,862383390,C,Middle East and Africa,Online,07/13/2014,1263697.75,1778283.5,8575
Belgium,Beverages,03/14/2016,569677269,C,Europe,Offline,03/16/2016,166034.7,244988.64,5382
Mexico,Personal Care,12/06/2016,240174860,M,North America,Online,12/23/2016,530208.0,792566.28,9468
Egypt,Cereal,05/01/2013,966614227,M,Middle East and Africa,Online,05/22/2013,1074399.2,1866313.92,8872
Egypt,Snacks,12/06/2010,211045552,H,Middle East and Africa,Offline,12/13/2010,74096.51,102889.2,479
Canada,Personal Care,08/04/2011,630691582,H,North America,Online,08/13/2011,258732.72,344332.8,4392
Japan,Household,03/31/2010,325803577,H,Asia-Pacific,Offline,04/11/2010,326393.55,883054.35,1305
South Africa,Fruits,01/07/2012,777760231,C,Middle East and Africa,Online,01/10/2012,1915.2,2521.68,266
United States,Fruits,11/19/2016,373268387,L,North America,Offline,01/07/2017,59568.74,84645.55,9053
United States,Personal Care,10/23/2015,332956649,H,North America,Online,11/05/2015,142935.76,209315.48,2596
Canada,Cereal,10/03/2017,198751865,M,North America,Online,10/22/2017,513238.64,894602.84,4484
Singapore,Meat,10/01/2015,870298232,C,Asia-Pacific,Offline,10/05/2015,1342235.05,1973168.73,3263
Australia,Beverages,04/23/2012,740304225,L,Asia-Pacific,Online,06/22/2012,255545.36,381861.48,8092
Singapore,Personal Care,10/25/2014,979761446,H,Asia-Pacific,Offline,11/02/2014,524449.28,798132.16,9392
Canada,Cereal,07/31/2016,669618090,H,North America,Offline,08/11/2016,580763.64,1047661.68,4908
Australia,Baby Food,08/14/2013,805399640,H,Asia-Pacific,Online,08/25/2013,147138.42,768788.02,3146
Singapore,Cereal,02/09/2010,709315470,L,Asia-Pacific,Online,03/21/2010,33262.7,55547.18,278
Japan,Office Supplies,03/07/2013,398552270,H,Asia-Pacific,Offline,03/21/2013,1882370.64,2236251.6,3576
Mexico,Snacks,07/25/2013,635422402,C,North America,Offline,07/28/2013,495074.16,734647.76,3346
Canada,Household,01/29/2015,718919629,H,North America,Online,02/05/2015,2449532.83,6573359.32,9953
Canada,Baby Food,03/10/2013,666413507,H,North America,Offline,03/17/2013,303129.75,1715814.87,6699
Canada,Snacks,04/09/2015,909270926,H,North America,Online,04/15/2015,1076331.0,1437339.0,6900
Australia,Beverages,11/13/2016,629716164,L,Asia-Pacific,Offline,12/14/2016,203845.6,325564.0,6544
Canada,Personal Care,07/06/2012,838303704,H,North America,Online,07/11/2012,14747.4,23155.2,270
United Arab Emirates,Cereal,02/19/2014,378837532,H,Middle East and Africa,Online,03/04/2014,21994.2,38388.6,180
United States,Baby Food,12/16/2012,247922246,L,North America,Online,01/25/2013,292902.48,1559661.48,6318
Saudi Arabia,Cereal,07/20/2016,660239511,L,Middle East and Africa,Online,09/16/2016,815656.41,1437138.36,6871
Ireland,Meat,08/11/2013,863839938,C,Europe,Offline,08/15/2013,1537746.0,2432570.0,3800
Canada,Office Supplies,10/17/2017,114096192,M,North America,Online,11/03/2017,731690.63,828640.67,1331
Sweden,Household,03/05/2011,651825253,M,Europe,Offline,03/30/2011,908734.58,2412468.5,3518
Singapore,Vegetables,08/29/2015,585795047,C,Asia-Pacific,Online,08/30/2015,197065.1,338870.8,2230
Poland,Clothes,09/29/2014,209590766,H,Europe,Offline,10/06/2014,192244.72,565135.84,5132
Sweden,Beverages,03/09/2010,670033865,H,Europe,Online,03/21/2010,98242.2,149783.76,3164
Egypt,Cosmetics,12/22/2013,645382272,H,Middle East and Africa,Online,01/02/2014,908260.62,1562910.2,3574
India,Meat,02/05/2011,415686428,L,Asia-Pacific,Offline,03/08/2011,2748506.56,3939390.24,6367
Poland,Cereal,10/26/2015,219274240,L,Europe,Offline,12/08/2015,225106.24,394044.48,1888
Germany,Baby Food,09/04/2012,765956951,H,Europe,Offline,09/10/2012,401748.08,2189509.4,8818
South Africa,Household,10/04/2017,473268212,H,Middle East and Africa,Online,10/13/2017,1996172.96,5644600.32,8212
Singapore,Vegetables,01/29/2012,838665572,H,Asia-Pacific,Online,02/11/2012,736514.1,1261725.39,7911
France,Fruits,02/07/2012,609598611,H,Europe,Online,02/17/2012,50411.86,67115.04,7558
Egypt,Baby Food,11/12/2010,726162060,M,Middle East and Africa,Offline,12/02/2010,12406.1,69222.93,259
Canada,Clothes,07/05/2010,345122023,C,North America,Online,07/06/2010,342787.06,1005064.06,9394
France,Beverages,10/06/2013,376316195,H,Europe,Offline,10/18/2013,264843.06,405078.03,8139
Egypt,Fruits,12/15/2013,739674758,C,Middle East and Africa,Online,12/18/2013,40026.73,53387.53,5567
Saudi Arabia,Cosmetics,08/08/2014,720176314,H,Middle East and Africa,Online,08/16/2014,628159.4,1008389.8,2420
Egypt,Clothes,03/28/2014,828857585,H,Middle East and Africa,Online,04/12/2014,70068.68,211831.2,1868
United Arab Emirates,Cosmetics,05/21/2014,304625841,L,Middle East and Africa,Offline,07/08/2014,1907816.16,2964585.12,6936
Mexico,Office Supplies,11/11/2014,472586066,L,North America,Online,01/05/2015,3992515.3,5063814.3,7555
India,Baby Food,03/26/2015,813308517,C,Asia-Pacific,Online,03/28/2015,430601.86,2240933.24,8671
Spain,Meat,04/22/2013,736805806,L,Europe,Online,05/22/2013,3033390.72,4597110.72,7536
United States,Meat,10/29/2014,404154049,L,North America,Online,12/09/2014,44319.0,66105.6,110
Germany,Vegetables,03/16/2012,134506505,L,Europe,Online,04/28/2012,917744.24,1461337.92,9688
Egypt,Clothes,06/23/2014,286081575,C,Middle East and Africa,Offline,06/24/2014,163593.0,483289.2,4380
Egypt,Personal Care,10/21/2012,191910073,M,Middle East and Africa,Online,11/09/2012,394301.6,554292.0,6920
Australia,Office Supplies,11/25/2014,640967416,M,Asia-Pacific,Offline,12/13/2014,1247449.5,1573324.5,2370
Australia,Fruits,09/19/2014,923312698,C,Asia-Pacific,Offline,09/23/2014,50459.63,71822.66,7657
Saudi Arabia,Cereal,07/05/2016,707281100,L,Middle East and Africa,Online,08/20/2016,700515.75,1283543.67,6213
India,Household,07/07/2017,594158268,M,Asia-Pacific,Offline,07/22/2017,1983108.3,5326084.24,7682
United States,Baby Food,09/27/2013,841518482,L,North America,Online,11/15/2013,83021.1,435530.25,1695
India,Beverages,10/16/2015,340028091,H,Asia-Pacific,Online,10/23/2015,302975.4,441478.44,9308
Spain,Snacks,06/10/2015,748315285,L,Europe,Online,07/29/2015,497019.6,685934.48,3388
Mexico,Beverages,03/01/2011,159757124,M,North America,Online,03/31/2011,16523.55,23731.54,503
Canada,Household,08/20/2012,806693185,C,North America,Online,08/25/2012,1128137.64,2969221.96,4364
Canada,Cereal,08/04/2011,686994280,H,North America,Online,08/19/2011,457869.75,851738.81,4043
Sweden,Meat,06/27/2017,520036225,L,Europe,Offline,07/30/2017,4108816.14,6179061.46,9746
Saudi Arabia,Meat,08/30/2011,111832249,C,Middle East and Africa,Offline,08/31/2011,1992439.44,2976469.65,4743
India,Snacks,12/23/2013,109792590,C,Asia-Pacific,Online,12/25/2013,1230289.72,1648100.52,7766
Netherlands,Office Supplies,12/02/2017,477814318,M,Europe,Offline,12/29/2017,4269595.05,5624866.8,8505
Australia,Vegetables,05/20/2017,619416877,M,Asia-Pacific,Offline,06/13/2017,570198.0,1043986.66,6554
South Africa,Personal Care,06/15/2011,763008755,M,Middle East and Africa,Offline,07/10/2011,577509.75,784536.03,9747
Saudi Arabia,Baby Food,08/07/2012,447526614,H,Middle East and Africa,Online,08/13/2012,87308.0,478142.4,1840
Italy,Beverages,09/17/2014,905236512,M,Europe,Offline,10/04/2014,35815.1,50820.68,1114
Canada,Fruits,08/08/2013,716091216,H,North America,Online,08/14/2013,51053.76,73072.56,7464
Italy,Cosmetics,08/12/2017,973851617,C,Europe,Offline,08/15/2017,969215.24,1602699.42,3794
Germany,Personal Care,04/13/2012,538116049,H,Europe,Online,04/18/2012,141477.8,193553.16,2402
Canada,Cereal,04/29/2012,699896664,C,North America,Online,05/04/2012,920680.32,1593817.75,7861
Germany,Meat,10/18/2010,208354512,C,Europe,Offline,10/23/2010,560500.8,861989.4,1380
Canada,Clothes,04/03/2010,855133973,H,North America,Offline,04/11/2010,181110.15,516709.44,4849
India,Cereal,12/29/2015,636921386,L,Asia-Pacific,Online,02/15/2016,491668.75,870121.9,4055
Australia,Personal Care,07/15/2016,552480926,H,Asia-Pacific,Online,07/27/2016,253693.86,343505.19,4409
Japan,Fruits,04/16/2012,166924725,H,Asia-Pacific,Online,04/29/2012,39655.0,52140.0,5500
Sweden,Beverages,10/17/2010,692088353,H,Europe,Offline,10/28/2010,322245.0,489951.0,9900
United Arab Emirates,Cosmetics,05/26/2010,612811141,H,Middle East and Africa,Online,06/07/2010,2155253.44,3624350.4,8416
Japan,Baby Food,03/14/2012,693238019,H,Asia-Pacific,Online,03/27/2012,305077.65,1650425.25,6315
Saudi Arabia,Household,10/27/2014,761052590,C,Middle East and Africa,Online,10/31/2014,2197282.14,6045484.36,9103
Singapore,Clothes,08/26/2010,543525682,L,Asia-Pacific,Offline,10/02/2010,134116.38,405430.93,3901
United States,Vegetables,11/10/2010,437290100,M,North America,Online,11/26/2010,196645.12,327944.96,2176
Japan,Cosmetics,05/15/2015,321041522,M,Asia-Pacific,Offline,06/02/2015,342446.86,619750.46,1358
Egypt,Clothes,02/11/2014,387263790,C,Middle East and Africa,Offline,02/16/2014,181898.2,521219.6,4895
India,Baby Food,11/29/2017,247243809,L,Asia-Pacific,Offline,01/28/2018,374343.06,1998028.86,8066
Spain,Vegetables,03/06/2014,797833491,M,Europe,Online,03/25/2014,65457.36,107941.44,687
Saudi Arabia,Baby Food,01/12/2013,190723988,C,Middle East and Africa,Online,01/15/2013,456665.3,2566965.31,9737
Canada,Personal Care,03/19/2010,507299242,C,North America,Offline,03/23/2010,360752.7,508830.96,6402
Turkey,Household,05/09/2010,910114659,H,Europe,Offline,05/22/2010,1515597.2,4033494.66,5798
Singapore,Personal Care,10/28/2013,907884127,M,Asia-Pacific,Online,11/25/2013,413950.08,605473.92,7104
United States,Office Supplies,12/31/2015,657178442,C,North America,Offline,01/04/2016,3724655.88,4618469.04,7044
Japan,Household,06/25/2011,191844510,C,Asia-Pacific,Online,06/26/2011,1211849.1,3281130.18,4698
Belgium,Cosmetics,06/08/2010,940123824,L,Europe,Offline,07/27/2010,1192756.17,2040026.88,4593
United States,Cosmetics,01/03/2012,139732482,L,North America,Offline,02/16/2012,1925012.22,3193222.13,7681
Australia,Snacks,08/28/2010,168766169,M,Asia-Pacific,Offline,09/14/2010,734344.56,991578.09,4629
United Arab Emirates,Cosmetics,07/21/2015,763518015,L,Middle East and Africa,Offline,08/24/2015,1020623.76,1613653.76,3826
United States,Beverages,09/04/2017,870256962,H,North America,Online,09/17/2017,234340.56,331177.92,7314
United Kingdom,Vegetables,03/08/2010,352003839,L,Europe,Offline,04/28/2010,537665.7,865977.45,5889
India,Beverages,09/25/2015,990279988,C,Asia-Pacific,Online,09/26/2015,122844.7,190259.96,3982
Saudi Arabia,Snacks,08/10/2011,538234355,C,Middle East and Africa,Offline,08/11/2011,840444.5,1145208.5,5450
Australia,Cosmetics,02/17/2014,127418311,H,Asia-Pacific,Online,02/22/2014,1336220.9,2214596.65,4865
Mexico,Clothes,05/30/2012,509191906,L,North America,Offline,07/11/2012,329507.36,1077940.5,9646
United States,Clothes,12/02/2015,440311040,C,North America,Online,12/03/2015,285381.58,858261.0,7838
Japan,Personal Care,09/08/2013,223927974,L,Asia-Pacific,Online,10/15/2013,332494.2,483726.6,6030
Sweden,Vegetables,11/23/2010,801507664,C,Europe,Offline,11/26/2010,844476.36,1489296.9,9282
United Arab Emirates,Meat,05/21/2016,823814870,C,Middle East and Africa,Online,05/23/2016,3662346.04,5781915.56,8908
Ireland,Cosmetics,07/09/2013,259341757,L,Europe,Offline,08/11/2013,374420.2,627697.7,1435
United Arab Emirates,Cereal,11/15/2011,604508620,C,Middle East and Africa,Online,11/16/2011,795577.72,1439053.56,6958
United States,Baby Food,09/27/2017,516734375,C,North America,Online,09/29/2017,59240.16,342986.4,1296
Egypt,Cereal,12/26/2017,461464967,C,Middle East and Africa,Online,12/29/2017,236160.0,435379.0,2050
Mexico,Baby Food,01/13/2015,913531298,H,North America,Offline,01/24/2015,362870.12,1894183.52,7468
United Arab Emirates,Vegetables,09/16/2011,586971074,M,Middle East and Africa,Online,10/01/2011,901646.72,1539813.76,9824
Egypt,Meat,02/01/2011,655852128,M,Middle East and Africa,Offline,02/23/2011,2095823.31,2959633.98,4971
Egypt,Fruits,01/01/2012,884889041,C,Middle East and Africa,Offline,01/03/2012,5619.18,7515.85,787
Poland,Office Supplies,02/12/2011,622521131,L,Europe,Offline,03/25/2011,2418268.4,3037800.74,4766
United Arab Emirates,Cereal,10/18/2016,251400959,L,Middle East and Africa,Offline,12/11/2016,224383.04,384362.56,1838
United States,Office Supplies,09/17/2016,624378881,M,North America,Online,10/03/2016,4713040.8,5646883.84,8944
Canada,Clothes,12/28/2014,217698079,L,North America,Offline,02/12/2015,80244.01,231955.68,2167
Canada,Household,12/22/2010,479805207,C,North America,Offline,12/24/2010,1194637.5,2995987.68,4662
Mexico,Clothes,10/04/2011,650662174,H,North America,Offline,10/17/2011,196013.76,619311.74,5594
Mexico,Vegetables,11/11/2014,809883387,L,North America,Online,12/14/2014,771292.8,1376524.8,8640
Mexico,Snacks,07/15/2011,310107983,H,North America,Online,07/29/2011,991182.38,1297380.45,6263
Australia,Cereal,07/28/2015,654379588,C,Asia-Pacific,Online,07/31/2015,256577.22,482138.37,2259
United Kingdom,Household,04/03/2016,838714681,H,Europe,Offline,04/17/2016,899076.36,2241274.2,3516
Australia,Snacks,06/07/2015,817233555,M,Asia-Pacific,Offline,06/27/2015,791424.48,1109037.6,5016
South Africa,Snacks,02/04/2016,910633311,C,Middle East and Africa,Offline,02/08/2016,723314.8,1011959.0,4940
Australia,Meat,06/06/2017,809327660,L,Asia-Pacific,Online,07/19/2017,815235.31,1302044.0,1997
Canada,Vegetables,06/05/2015,412383966,C,North America,Online,06/09/2015,896523.11,1491851.06,9947
Japan,Household,12/07/2012,556554255,H,Asia-Pacific,Offline,12/22/2012,1316363.69,3653342.76,5303
Egypt,Baby Food,06/15/2012,714723307,L,Middle East and Africa,Offline,07/25/2012,39419.38,214274.06,847
Belgium,Clothes,06/14/2011,961584268,H,Europe,Offline,06/28/2011,305135.16,999022.53,8943
Saudi Arabia,Vegetables,03/14/2016,313073127,L,Middle East and Africa,Offline,04/15/2016,82536.6,137657.64,906
Belgium,Household,10/24/2011,367043613,M,Europe,Offline,11/19/2011,1373236.68,3715781.11,5531
United States,Baby Food,06/10/2015,778127557,H,North America,Offline,06/15/2015,123987.82,649400.23,2671
United Kingdom,Cosmetics,05/08/2017,191178542,H,Europe,Offline,05/19/2017,611075.79,1020303.83,2249
United States,Office Supplies,03/02/2010,519966090,C,North America,Online,03/07/2010,1303149.51,1699529.65,2587
Ireland,Cosmetics,09/30/2015,207029747,L,Europe,Offline,11/22/2015,124671.96,210298.2,483
Australia,Household,01/17/2011,854711076,L,Asia-Pacific,Offline,02/23/2011,1702628.86,4508000.12,6757
Poland,Baby Food,03/07/2014,126727441,C,Europe,Offline,03/12/2014,88490.28,482123.98,1874
United Arab Emirates,Meat,04/25/2016,189801911,L,Middle East and Africa,Offline,05/28/2016,2152500.98,3335800.54,5189
Mexico,Cereal,08/27/2016,608432490,M,North America,Offline,09/18/2016,166429.34,306739.4,1474
United Kingdom,Meat,06/29/2013,839805543,L,Europe,Offline,08/21/2013,2456803.65,3350852.75,5635
Saudi Arabia,Cosmetics,02/13/2016,595394442,M,Middle East and Africa,Offline,03/14/2016,1439948.04,2225298.2,5228
Saudi Arabia,Beverages,03/19/2014,278452642,C,Middle East and Africa,Online,03/21/2014,9922.56,15707.49,323
Sweden,Beverages,07/22/2015,687428098,H,Europe,Offline,07/29/2015,276034.5,422789.22,8694
South Africa,Baby Food,11/19/2014,499036616,L,Middle East and Africa,Online,12/28/2014,215969.96,1172577.02,4541
France,Cosmetics,10/29/2015,901831993,M,Europe,Offline,11/21/2015,2055512.25,3574875.45,7835
France,Office Supplies,07/25/2013,106015564,C,Europe,Online,07/29/2013,1538037.6,1891488.72,3036
Japan,Clothes,09/17/2013,171695888,H,Asia-Pacific,Offline,09/23/2013,39955.29,121451.31,1101
Japan,Fruits,01/29/2013,770552774,H,Asia-Pacific,Online,02/07/2013,49432.36,64800.3,7082
Egypt,Office Supplies,08/24/2016,382327116,M,Middle East and Africa,Online,09/12/2016,959744.09,1138104.56,1787
United States,Office Supplies,06/15/2016,761303833,C,North America,Offline,06/20/2016,2550593.32,3094635.72,4642
United Arab Emirates,Cereal,06/05/2012,100265072,H,Middle East and Africa,Online,06/11/2012,282325.0,513000.0,2500
India,Baby Food,10/09/2014,358527922,M,Asia-Pacific,Offline,11/08/2014,253898.09,1429821.28,5459
South Africa,Household,06/30/2013,329672688,C,Middle East and Africa,Offline,07/05/2013,1329707.46,3672706.84,5293
Turkey,Cosmetics,04/14/2016,229106501,M,Europe,Offline,05/13/2016,2182392.63,3465311.41,8129
Egypt,Cereal,03/25/2015,701074248,H,Middle East and Africa,Offline,04/09/2015,690948.72,1152504.08,5768
Poland,Fruits,03/13/2012,433279476,M,Europe,Online,04/11/2012,41737.16,53344.18,6014
India,Fruits,10/21/2016,527664933,L,Asia-Pacific,Online,11/28/2016,4555.98,6139.54,649
Mexico,Vegetables,01/05/2017,605527617,L,North America,Offline,02/05/2017,889324.38,1512618.84,9474
South Africa,Cereal,06/06/2010,857674720,C,Middle East and Africa,Online,06/09/2010,67741.96,120171.48,572
France,Beverages,08/18/2010,397939907,C,Europe,Online,08/22/2010,34975.2,55097.15,1121
Turkey,Personal Care,07/15/2017,493264998,H,Europe,Offline,07/25/2017,169361.84,236767.68,2872
Mexico,Household,09/24/2010,285311976,C,North America,Online,09/26/2010,2009311.92,5427603.72,8316
Saudi Arabia,Cosmetics,12/10/2011,466631819,M,Middle East and Africa,Offline,12/25/2011,1337809.26,2238622.66,5198
Saudi Arabia,Personal Care,04/22/2011,734740899,C,Middle East and Africa,Online,04/23/2011,179127.3,244604.4,3090
United States,Baby Food,03/01/2015,305177088,M,North America,Offline,03/18/2015,192768.68,1076505.8,4142
Spain,Baby Food,12/31/2011,996869990,C,Europe,Offline,01/03/2012,114624.0,607392.0,2400
Spain,Clothes,11/28/2012,490426698,M,Europe,Offline,12/27/2012,152440.92,477541.8,4434
Australia,Snacks,07/25/2016,853968049,M,Asia-Pacific,Online,08/21/2016,406027.16,548597.94,2651
Egypt,Snacks,11/02/2013,388782987,L,Middle East and Africa,Online,12/24/2013,1281099.61,1823376.37,8353
Mexico,Clothes,03/31/2015,777653137,L,North America,Online,05/08/2015,22970.25,67324.05,615
Sweden,Cereal,03/05/2014,446144349,C,Europe,Offline,03/10/2014,748377.36,1345959.45,6291
Mexico,Fruits,09/23/2014,300909460,H,North America,Online,10/05/2014,38020.23,54210.93,5583
Singapore,Cereal,03/31/2010,884856806,C,Asia-Pacific,Online,04/04/2010,895795.38,1589106.6,7578
South Africa,Clothes,09/27/2016,351580981,L,Middle East and Africa,Offline,11/06/2016,292058.88,857442.6,8006
Canada,Household,08/26/2016,740864045,L,North America,Offline,09/25/2016,698868.12,1941117.63,2787
Ireland,Cereal,08/09/2010,471624674,M,Europe,Offline,08/26/2010,622830.18,1024719.44,5167
South Africa,Cereal,05/21/2017,186302290,C,Middle East and Africa,Online,05/23/2017,411338.97,682046.63,3383
Italy,Clothes,09/29/2012,612544312,C,Europe,Online,10/01/2012,341061.84,992556.18,9198
Netherlands,Beverages,11/02/2017,858302352,C,Europe,Offline,11/04/2017,253402.54,384218.76,7838
Germany,Household,07/01/2011,884231079,M,Europe,Offline,07/28/2011,1421632.78,3764744.76,5459
South Africa,Office Supplies,06/24/2015,291297872,H,Middle East and Africa,Offline,07/09/2015,4855164.96,6565714.56,9708
Netherlands,Fruits,11/05/2016,248262160,L,Europe,Online,12/24/2016,47751.83,62719.81,6623
United Arab Emirates,Baby Food,11/19/2014,261863973,M,Middle East and Africa,Offline,12/06/2014,265594.7,1399383.93,5663
Singapore,Household,12/05/2012,995750327,C,Asia-Pacific,Online,12/09/2012,735982.82,2069278.86,3041
Canada,Beverages,05/10/2017,442551325,L,North America,Online,07/06/2017,220276.5,303611.64,6726
Ireland,Office Supplies,02/17/2010,556320088,C,Europe,Offline,02/21/2010,3480066.09,4156918.2,6681
India,Personal Care,04/24/2015,292027518,C,Asia-Pacific,Offline,04/27/2015,526049.1,696434.4,8865
South Africa,Snacks,01/29/2010,759835947,H,Middle East and Africa,Online,02/08/2010,1454506.41,2084997.67,9769
South Africa,Baby Food,06/13/2010,743523776,C,Middle East and Africa,Offline,06/14/2010,383798.46,1979818.59,8121
Singapore,Household,04/07/2010,118810873,L,Asia-Pacific,Offline,05/24/2010,1085467.2,2949703.38,4478
Egypt,Cosmetics,01/03/2014,190244626,H,Middle East and Africa,Online,01/08/2014,2373734.48,3752352.84,8804
United States,Vegetables,11/01/2014,362101135,M,North America,Offline,11/24/2014,548276.76,903833.26,5758
Saudi Arabia,Beverages,06/06/2010,184573132,L,Middle East and Africa,Offline,07/10/2010,55155.96,87325.88,1756
Singapore,Household,01/24/2012,225010851,C,Asia-Pacific,Online,01/27/2012,361928.22,928020.36,1398
Ireland,Cosmetics,10/14/2017,916815851,L,Europe,Online,12/08/2017,234018.0,392418.0,900
Egypt,Vegetables,08/17/2015,392787282,M,Middle East and Africa,Offline,09/02/2015,627690.46,1039807.11,6631
Canada,Clothes,05/15/2017,781672153,H,North America,Offline,05/22/2017,161081.01,507766.36,4601
India,Clothes,12/14/2017,864540259,M,Asia-Pacific,Online,01/08/2018,127555.88,397998.16,3721
South Africa,Snacks,05/03/2015,471907995,L,Middle East and Africa,Offline,07/01/2015,1340513.04,1936881.56,9236
United Arab Emirates,Meat,12/21/2015,713442972,C,Middle East and Africa,Online,12/23/2015,2671154.2,3857526.2,6490
Mexico,Meat,04/30/2012,438591692,L,North America,Online,06/22/2012,3654063.12,5358362.32,8776
South Africa,Baby Food,12/31/2016,125134519,M,Middle East and Africa,Online,01/26/2017,440901.15,2506578.7,9355
Australia,Clothes,03/31/2014,218791028,C,Asia-Pacific,Online,04/05/2014,73031.2,225462.6,2123
Japan,Cereal,12/12/2013,927317727,C,Asia-Pacific,Offline,12/14/2013,846631.8,1398193.65,6951
India,Snacks,07/11/2012,987059388,L,Asia-Pacific,Offline,09/06/2012,1024495.0,1426500.12,6718
United Arab Emirates,Cereal,01/14/2010,833743378,C,Middle East and Africa,Offline,01/19/2010,669818.87,1164255.43,5573
Canada,Personal Care,08/08/2014,765634347,C,North America,Offline,08/10/2014,32970.5,45298.5,575
Mexico,Personal Care,08/24/2013,834829245,C,North America,Online,08/29/2013,229802.1,347178.2,4195
Canada,Baby Food,10/24/2011,606987486,C,North America,Online,10/28/2011,298142.46,1528079.98,6146
Netherlands,Cereal,05/07/2010,747733667,L,Europe,Online,06/12/2010,1115619.58,1916998.98,9563
United Arab Emirates,Cereal,10/10/2016,174992570,C,Middle East and Africa,Online,10/13/2016,309151.08,569621.43,2709
Mexico,Baby Food,04/28/2014,676965985,C,North America,Offline,04/29/2014,344015.46,1837730.31,6933
Mexico,Personal Care,05/24/2015,878624463,H,North America,Offline,05/29/2015,286297.56,413524.59,4899
Canada,Household,05/24/2011,722568368,C,North America,Offline,05/25/2011,645517.74,1707605.41,2491
Mexico,Cereal,05/13/2017,325577036,L,North America,Offline,06/22/2017,295728.75,513566.5,2425
India,Fruits,12/14/2017,840016544,H,Asia-Pacific,Offline,12/26/2017,29173.9,37720.62,4109
Egypt,Meat,08/31/2016,337320065,L,Middle East and Africa,Offline,10/01/2016,974453.76,1461201.84,2394
Singapore,Vegetables,10/11/2011,416624578,L,Asia-Pacific,Offline,11/28/2011,461895.32,779737.96,5092
France,Cereal,11/19/2012,425297142,L,Europe,Offline,01/08/2013,427797.72,765918.18,3834
Ireland,Baby Food,09/15/2015,282976474,L,Europe,Offline,11/07/2015,402649.0,2212856.1,8567
Japan,Personal Care,03/29/2014,617599918,L,Asia-Pacific,Offline,05/25/2014,462955.5,682318.0,8050
Sweden,Household,11/03/2013,753523546,H,Europe,Online,11/11/2013,1256097.7,3332146.63,5167
Mexico,Clothes,02/25/2015,940833730,L,North America,Offline,04/14/2015,11080.94,33804.94,299
Italy,Fruits,01/09/2017,674187598,H,Europe,Offline,01/15/2017,38101.14,50141.76,5498
United States,Meat,11/14/2012,290514740,M,North America,Online,12/04/2012,1688919.45,2621666.5,4115
Mexico,Cosmetics,02/18/2012,425086999,L,North America,Online,04/11/2012,313204.86,481363.02,1143
United States,Clothes,03/17/2015,948273358,M,North America,Offline,04/04/2015,331057.37,928579.89,8897
United States,Meat,12/08/2010,742413041,H,North America,Offline,12/20/2010,1350303.34,2097486.08,3334
Egypt,Personal Care,04/02/2011,911258168,H,Middle East and Africa,Offline,04/14/2011,188146.47,272593.53,3291
Saudi Arabia,Cosmetics,07/11/2015,792863736,C,Middle East and Africa,Offline,07/13/2015,1445143.68,2401004.88,5484
Singapore,Office Supplies,02/01/2013,295614589,M,Asia-Pacific,Offline,02/25/2013,3687829.04,4881827.28,7309
Saudi Arabia,Fruits,10/31/2011,201541586,C,Middle East and Africa,Offline,11/02/2011,8335.4,11141.26,1174
Egypt,Snacks,03/22/2011,922937760,M,Middle East and Africa,Online,04/13/2011,537656.52,750793.28,3593
Saudi Arabia,Snacks,05/27/2016,525459446,L,Middle East and Africa,Online,07/17/2016,394510.48,543613.28,2632
France,Personal Care,10/17/2015,389247995,M,Europe,Offline,11/16/2015,574470.12,827765.04,9852
Spain,Meat,08/17/2011,438600887,L,Europe,Offline,09/25/2011,2401882.15,3585593.36,5567
Egypt,Household,01/24/2010,964760270,C,Middle East and Africa,Offline,01/28/2010,263763.14,662440.94,1006
Sweden,Cosmetics,05/04/2012,445579291,H,Europe,Online,05/19/2012,1107293.49,1853159.31,4293
South Africa,Fruits,12/04/2016,449484749,M,Middle East and Africa,Online,01/02/2017,30510.2,41704.92,4588
South Africa,Baby Food,10/20/2012,786796049,C,Middle East and Africa,Offline,10/23/2012,454635.72,2378057.22,9702
Singapore,Office Supplies,03/10/2013,448478088,L,Asia-Pacific,Offline,04/12/2013,3960100.8,5226368.4,7830
United Arab Emirates,Cereal,04/20/2016,919036478,L,Middle East and Africa,Online,05/22/2016,830866.4,1508416.0,7280
Singapore,Vegetables,10/06/2010,330653508,H,Asia-Pacific,Online,10/16/2010,569362.98,922138.14,6018
Netherlands,Meat,01/23/2014,374188326,M,Europe,Offline,02/17/2014,1442750.4,2137867.2,3360
United States,Beverages,06/12/2014,650036781,C,North America,Offline,06/16/2014,29096.24,40188.96,886
India,Personal Care,08/28/2015,781153731,C,Asia-Pacific,Online,08/31/2015,505446.74,735049.18,8927
Mexico,Beverages,12/19/2015,602990912,H,North America,Online,12/26/2015,279992.57,387256.37,8513
Germany,Snacks,03/23/2015,795612752,C,Europe,Offline,03/27/2015,401603.84,528997.93,2593
Australia,Office Supplies,07/03/2014,120263286,C,Asia-Pacific,Online,07/08/2014,2451832.65,3304385.54,4913
United States,Fruits,11/26/2012,591508883,C,North America,Online,11/28/2012,68104.96,88710.58,9674
Ireland,Fruits,08/31/2011,746308250,M,Europe,Online,09/21/2011,34531.8,45819.06,5154
United States,Office Supplies,09/03/2013,316575262,L,North America,Online,10/30/2013,2882871.7,3483511.66,5266
Japan,Household,06/08/2012,572060870,L,Asia-Pacific,Online,08/01/2012,1412809.81,4106272.71,5921
Canada,Baby Food,04/08/2014,927837480,C,North America,Online,04/09/2014,349927.2,1837117.8,7420
Saudi Arabia,Beverages,10/30/2011,484818710,M,Middle East and Africa,Online,11/20/2011,68736.49,100629.89,2071
Australia,Clothes,09/08/2015,590650359,M,Asia-Pacific,Online,10/04/2015,277267.76,833072.24,7931
United States,Household,02/14/2011,566163810,C,North America,Offline,02/17/2011,1570706.44,4147323.04,6004
Japan,Vegetables,04/15/2015,148715123,H,Asia-Pacific,Offline,04/20/2015,427892.0,736828.0,4600
Italy,Cereal,10/26/2015,165693093,H,Europe,Online,11/02/2015,286177.83,506006.7,2397
Turkey,Cosmetics,10/08/2011,262543572,L,Europe,Offline,11/20/2011,744918.24,1280741.24,2924
Netherlands,Beverages,07/31/2015,384736299,M,Europe,Online,08/21/2015,160988.72,239590.9,5114
India,Baby Food,04/12/2015,504840151,L,Asia-Pacific,Online,05/13/2015,121746.24,600476.8,2464
France,Beverages,07/01/2012,610767573,H,Europe,Offline,07/07/2012,232679.86,318312.19,6979
South Africa,Office Supplies,10/06/2016,375803064,C,Middle East and Africa,Online,10/07/2016,2724339.42,3522950.46,5202
Netherlands,Snacks,05/12/2015,239379856,L,Europe,Online,06/26/2015,1399459.05,1959242.67,9459
Italy,Snacks,07/13/2014,883864035,H,Europe,Online,07/22/2014,271338.24,379027.2,1824
Singapore,Vegetables,06/24/2011,890714563,C,Asia-Pacific,Offline,06/27/2011,629787.06,1042210.26,7014
Mexico,Household,01/17/2012,355367302,H,North America,Online,01/22/2012,619828.44,1686640.56,2442
Poland,Fruits,06/05/2015,719765375,H,Europe,Offline,06/15/2015,22263.76,30584.88,3176
South Africa,Clothes,02/14/2016,652430400,C,Middle East and Africa,Offline,02/18/2016,74541.6,225289.4,2030
Singapore,Cereal,06/20/2015,467622380,L,Asia-Pacific,Offline,08/13/2015,1060243.8,1794958.2,9093
India,Fruits,02/04/2016,219332409,C,Asia-Pacific,Online,02/06/2016,11097.77,15319.21,1649
Mexico,Vegetables,11/24/2013,189085397,L,North America,Online,01/02/2014,678889.9,1213661.28,7514
Poland,Office Supplies,08/19/2017,664331521,M,Europe,Online,09/10/2017,189909.22,248843.22,373
Ireland,Office Supplies,01/19/2016,830570612,H,Europe,Offline,01/27/2016,4464213.59,5533225.03,8797
Turkey,Snacks,01/25/2016,530433938,M,Europe,Online,02/22/2016,509070.4,760500.68,3412
Australia,Office Supplies,04/01/2015,180391570,C,Asia-Pacific,Offline,04/04/2015,1250254.7,1486982.7,2330
Singapore,Clothes,08/08/2014,966497057,H,Asia-Pacific,Online,08/15/2014,87815.35,259174.35,2455
Poland,Cereal,08/19/2016,396586682,C,Europe,Offline,08/21/2016,504937.16,821341.64,4172
Poland,Beverages,12/22/2014,225941338,M,Europe,Online,01/10/2015,150476.06,208184.69,4613
India,Snacks,05/29/2017,755020842,C,Asia-Pacific,Online,06/02/2017,786712.5,1068880.05,4995
United Arab Emirates,Beverages,06/17/2010,728115961,L,Middle East and Africa,Offline,07/29/2010,130949.6,202637.65,4285
Sweden,Cosmetics,12/29/2010,998409575,M,Europe,Online,01/24/2011,1106712.18,1801193.73,4053
South Africa,Baby Food,02/03/2013,369776630,H,Middle East and Africa,Offline,02/12/2013,392708.8,2185326.8,8420
India,Baby Food,09/21/2012,385351360,H,Asia-Pacific,Offline,10/05/2012,378681.17,2081720.31,8209
Mexico,Meat,06/22/2010,205845958,C,North America,Offline,06/27/2010,794356.2,1197710.76,1866
United States,Clothes,06/01/2014,594718999,L,North America,Offline,07/23/2014,26573.37,84659.79,753
Canada,Snacks,06/03/2012,206090203,C,North America,Online,06/08/2012,444824.52,681409.21,3061
Australia,Baby Food,01/08/2014,578896357,C,Asia-Pacific,Offline,01/11/2014,291888.1,1461554.78,5873
Canada,Meat,05/07/2012,908870287,L,North America,Online,06/23/2012,3881607.9,5789184.96,9066
Japan,Meat,12/11/2013,344352419,H,Asia-Pacific,Offline,12/25/2013,3852665.18,5747829.36,8918
Singapore,Beverages,07/05/2013,317055967,H,Asia-Pacific,Offline,07/19/2013,265768.58,401332.82,8246
Australia,Fruits,01/20/2014,219701391,L,Asia-Pacific,Offline,03/15/2014,19605.92,24805.28,2708
Ireland,Cosmetics,06/19/2014,742064735,L,Europe,Online,08/07/2014,343244.16,563539.2,1344
Egypt,Cereal,06/14/2014,974641190,L,Middle East and Africa,Offline,07/18/2014,721045.17,1378877.88,6411
India,Fruits,06/17/2010,128302963,M,Asia-Pacific,Offline,07/09/2010,60641.04,88873.62,9078
United Arab Emirates,Vegetables,07/14/2012,122305856,M,Middle East and Africa,Online,08/12/2012,319088.98,549083.34,3638
South Africa,Household,02/02/2012,901862642,M,Middle East and Africa,Offline,02/29/2012,2478995.04,6672363.12,9528
Singapore,Cosmetics,02/02/2014,844316831,C,Asia-Pacific,Offline,02/04/2014,1413164.55,2238004.95,5345
Netherlands,Vegetables,01/31/2011,748638406,M,Europe,Online,03/02/2011,791559.33,1408626.09,8871
Netherlands,Vegetables,01/07/2013,568349279,M,Europe,Offline,01/23/2013,702956.4,1176712.8,7640
United States,Baby Food,11/24/2013,871879492,C,North America,Online,11/28/2013,114448.36,634434.32,2522
Singapore,Vegetables,10/31/2014,678097976,H,Asia-Pacific,Offline,11/07/2014,582337.28,1010685.44,6592
Singapore,Clothes,01/20/2016,156877091,C,Asia-Pacific,Online,01/25/2016,195059.28,600986.36,5252
India,Beverages,10/23/2011,292565732,H,Asia-Pacific,Offline,10/31/2011,139144.32,203580.0,4176
United Kingdom,Snacks,09/21/2013,835892241,C,Europe,Online,09/22/2013,261718.38,352520.98,1642
South Africa,Household,11/07/2013,562096486,C,Middle East and Africa,Online,11/09/2013,410352.4,1080005.7,1670
Australia,Beverages,07/03/2014,187583407,M,Asia-Pacific,Offline,07/24/2014,119423.16,183595.95,3813
Australia,Beverages,10/18/2016,280939576,L,Asia-Pacific,Online,11/18/2016,280408.53,432284.95,9227
Mexico,Baby Food,04/25/2014,502477106,H,North America,Offline,05/04/2014,27025.11,142132.06,553
United States,Clothes,01/02/2016,266076902,C,North America,Online,01/04/2016,198006.4,640527.68,5756
Japan,Meat,12/29/2014,952172487,M,Asia-Pacific,Online,01/13/2015,323583.75,476103.6,735
Canada,Cosmetics,08/29/2017,634348745,H,North America,Offline,09/05/2017,2576993.76,4441509.6,9768
Ireland,Cereal,05/21/2017,818016609,L,Europe,Offline,07/07/2017,779246.8,1389950.1,6470
Canada,Clothes,09/07/2012,484744683,L,North America,Online,11/06/2012,282620.8,880992.2,8140
Canada,Snacks,06/10/2017,853987850,H,North America,Online,06/25/2017,850059.86,1147521.95,5351
United Arab Emirates,Cosmetics,01/09/2015,534047340,L,Middle East and Africa,Online,03/04/2015,862350.72,1480455.68,3344
South Africa,Beverages,07/06/2015,428455028,C,Middle East and Africa,Online,07/07/2015,171636.66,257454.99,5367
Egypt,Snacks,02/10/2012,713401763,H,Middle East and Africa,Online,02/16/2012,813571.36,1120559.09,5131
Turkey,Fruits,07/13/2010,156301926,H,Europe,Online,07/22/2010,42920.2,62522.56,6406
United Arab Emirates,Office Supplies,05/28/2012,864945036,L,Middle East and Africa,Online,06/30/2012,4164270.78,5137285.16,7591
India,Vegetables,04/26/2012,840226363,M,Asia-Pacific,Offline,05/11/2012,79701.57,125754.73,841
Canada,Baby Food,12/27/2011,148057234,M,North America,Offline,01/23/2012,179912.44,1013639.9,3841
France,Personal Care,09/28/2014,392718059,M,Europe,Offline,10/22/2014,204491.52,286778.88,3456
Saudi Arabia,Household,02/13/2013,843591058,C,Middle East and Africa,Offline,02/15/2013,1978098.46,5146683.9,8098
Saudi Arabia,Vegetables,06/08/2017,949533843,C,Middle East and Africa,Online,06/10/2017,115685.9,185903.15,1255
Saudi Arabia,Cereal,11/16/2012,712149161,L,Middle East and Africa,Online,01/15/2013,759044.16,1333477.44,6624
India,Beverages,12/21/2010,138327414,C,Asia-Pacific,Online,12/26/2010,254676.72,392585.32,8258
South Africa,Beverages,06/05/2010,172370603,H,Middle East and Africa,Online,06/16/2010,95127.34,151011.14,3122
Poland,Personal Care,08/08/2011,640757095,L,Europe,Offline,09/21/2011,575074.2,820715.86,9881
Italy,Vegetables,05/18/2016,288472839,L,Europe,Online,06/17/2016,232852.98,418922.0,2602
Australia,Clothes,04/06/2014,773465510,H,Asia-Pacific,Offline,04/13/2014,174996.8,518646.4,4880
Netherlands,Snacks,12/10/2014,272977662,C,Europe,Online,12/11/2014,635940.38,860642.34,4126
Belgium,Fruits,09/05/2017,873612152,H,Europe,Online,09/11/2017,47234.88,60526.08,6816
Netherlands,Fruits,03/02/2011,162725352,H,Europe,Online,03/17/2011,25846.24,34841.36,3928
Saudi Arabia,Clothes,03/23/2010,403298186,H,Middle East and Africa,Online,04/07/2010,295726.05,876348.3,7905
South Africa,Vegetables,11/14/2016,614460934,M,Middle East and Africa,Offline,12/07/2016,548356.2,898602.18,5754
Sweden,Office Supplies,08/15/2011,376178153,L,Europe,Online,09/23/2011,1623642.12,1903516.2,2956
Netherlands,Vegetables,05/13/2013,681429608,H,Europe,Offline,05/20/2013,72184.29,125376.07,797
Poland,Cereal,07/21/2014,517087338,L,Europe,Online,09/02/2014,810017.6,1421575.68,6944
Egypt,Fruits,06/30/2011,305047185,L,Middle East and Africa,Offline,08/22/2011,59015.04,79652.74,8782
Turkey,Personal Care,02/24/2016,521797528,L,Europe,Offline,04/21/2016,379856.48,544058.2,6788
Sweden,Beverages,12/29/2016,268276118,C,Europe,Offline,01/02/2017,28764.39,43552.44,933
South Africa,Cereal,10/13/2017,900981010,C,Middle East and Africa,Online,10/15/2017,757271.7,1277920.08,6423
Turkey,Household,08/12/2014,918857275,M,Europe,Online,09/06/2014,1898210.16,5321101.17,7777
Egypt,Personal Care,09/25/2010,156642791,H,Middle East and Africa,Online,10/01/2010,24304.39,38195.19,451
India,Fruits,09/09/2011,769189920,L,Asia-Pacific,Online,11/08/2011,24369.31,32049.77,3589
Australia,Meat,04/01/2013,263226903,L,Asia-Pacific,Online,05/10/2013,765853.3,1061323.08,1762
Poland,Beverages,04/19/2016,367780255,C,Europe,Online,04/24/2016,252726.99,361673.13,7793
Mexico,Cereal,06/11/2010,923708262,C,North America,Online,06/13/2010,740565.39,1301300.02,6341
Mexico,Vegetables,07/23/2016,628030831,L,North America,Offline,09/09/2016,278495.55,451566.14,3079
Singapore,Beverages,12/27/2011,219155077,L,Asia-Pacific,Online,01/30/2012,162267.6,247940.88,5016
Turkey,Fruits,12/23/2013,548543471,L,Europe,Online,02/10/2014,54070.95,79506.45,8205
Netherlands,Cosmetics,11/02/2015,797293434,M,Europe,Offline,11/17/2015,2099684.55,3432259.44,8121
Spain,Cosmetics,10/14/2013,591867729,C,Europe,Offline,10/15/2013,1233488.7,2049919.2,4570
Canada,Office Supplies,12/31/2016,604788545,H,North America,Online,01/05/2017,4746340.56,6111393.12,9498
South Africa,Baby Food,10/06/2013,537222341,L,Middle East and Africa,Offline,11/16/2013,417506.74,2230979.94,8498
Japan,Fruits,06/26/2015,821348271,L,Asia-Pacific,Online,08/04/2015,29629.47,41472.32,4469
Mexico,Fruits,06/11/2011,265362816,H,North America,Online,06/17/2011,27050.4,37576.8,4080
Germany,Beverages,10/29/2013,594740501,H,Europe,Online,11/12/2013,38467.1,60206.65,1253
India,Personal Care,11/24/2017,299259436,H,Asia-Pacific,Online,12/01/2017,198846.72,287020.96,3368
Mexico,Beverages,09/09/2017,444032199,H,North America,Offline,09/17/2017,107595.84,161074.8,3544
Sweden,Clothes,04/06/2015,298564765,C,Europe,Online,04/09/2015,363921.4,1023584.04,9796
United States,Cereal,08/13/2011,300841312,M,North America,Offline,09/03/2011,254633.19,419743.07,2131
Japan,Cereal,09/29/2016,369455288,C,Asia-Pacific,Offline,10/03/2016,997702.76,1679359.9,8401
Japan,Office Supplies,02/26/2013,886960612,H,Asia-Pacific,Offline,03/05/2013,581760.05,754288.79,1159
Mexico,Household,02/19/2010,488135963,H,North America,Offline,03/06/2010,379915.5,1060503.45,1545
Mexico,Cosmetics,01/06/2014,625153659,L,North America,Offline,02/28/2014,2071822.32,3415334.37,7971
Japan,Clothes,09/30/2017,954968700,M,Asia-Pacific,Online,10/26/2017,243292.23,741663.18,6813
South Africa,Meat,08/05/2011,946393426,C,Middle East and Africa,Online,08/09/2011,3074557.64,4510992.42,6974
Australia,Snacks,02/06/2014,285521063,M,Asia-Pacific,Offline,02/21/2014,1133128.48,1562696.96,7216
Ireland,Cereal,03/09/2010,123279441,M,Europe,Online,04/05/2010,885659.37,1585816.95,7837
South Africa,Cereal,07/21/2012,567193199,L,Middle East and Africa,Offline,08/26/2012,955283.56,1660043.28,8071
Sweden,Snacks,03/11/2011,251910624,H,Europe,Offline,03/17/2011,840265.12,1162352.36,5396
Belgium,Meat,07/03/2015,433517009,M,Europe,Offline,07/18/2015,2199606.24,3156968.08,5146
Saudi Arabia,Personal Care,10/29/2013,167779949,M,Middle East and Africa,Offline,11/24/2013,122990.07,188168.43,2199
Canada,Fruits,05/07/2012,780614261,C,North America,Online,05/10/2012,28252.8,38102.04,3924
Egypt,Office Supplies,10/31/2017,714475557,L,Middle East and Africa,Offline,12/06/2017,1198790.8,1460958.1,2182
Ireland,Personal Care,06/25/2015,512470771,M,Europe,Online,07/25/2015,23189.37,35378.28,417
Ireland,Fruits,03/11/2015,307427294,H,Europe,Offline,03/25/2015,29511.96,41147.34,4458
Japan,Fruits,10/07/2012,618137470,H,Asia-Pacific,Offline,10/15/2012,1020.0,1444.5,150
Spain,Fruits,10/13/2016,741654357,C,Europe,Offline,10/18/2016,24111.78,31980.19,3377
Canada,Vegetables,11/15/2015,852313014,H,North America,Online,11/28/2015,419001.28,719213.05,4727
Canada,Cosmetics,04/27/2013,184513867,M,North America,Online,05/12/2013,152907.04,256639.24,572
Australia,Cereal,03/24/2016,393724281,C,Asia-Pacific,Offline,03/26/2016,1144685.34,1984278.52,9829
Egypt,Clothes,10/30/2011,156289286,C,Middle East and Africa,Offline,11/04/2011,77616.0,229320.0,2205
Australia,Fruits,03/17/2014,450695315,M,Asia-Pacific,Offline,04/01/2014,50642.28,66585.22,7214
Mexico,Cosmetics,09/27/2015,250228767,L,North America,Online,10/28/2015,594922.4,1030266.2,2260
Germany,Office Supplies,01/12/2011,906219798,M,Europe,Online,02/07/2011,3072937.0,3840844.0,5950
Canada,Household,03/13/2017,322537900,H,North America,Offline,03/24/2017,664104.35,1691176.76,2639
United Arab Emirates,Beverages,09/07/2012,848707043,L,Middle East and Africa,Online,10/08/2012,279696.36,444576.81,9237
Sweden,Baby Food,08/10/2012,911709171,H,Europe,Online,08/17/2012,111744.75,590539.8,2355
Saudi Arabia,Office Supplies,04/07/2010,733151906,L,Middle East and Africa,Offline,05/28/2010,3639315.82,4285451.48,6898
United States,Clothes,12/02/2013,990171357,C,North America,Online,12/03/2013,358257.88,1053110.64,9628
Poland,Clothes,01/14/2017,271651932,M,Europe,Online,02/07/2017,160450.08,487048.8,4452
Ireland,Cosmetics,09/01/2013,584955248,L,Europe,Online,10/29/2013,1137082.5,1937099.7,4365
Canada,Personal Care,01/28/2012,320743270,C,North America,Online,01/29/2012,43815.46,61402.64,782
Ireland,Vegetables,08/26/2016,772288694,L,Europe,Online,10/21/2016,454626.9,746253.3,5070
Ireland,Cosmetics,06/23/2013,321569527,M,Europe,Online,07/08/2013,991476.45,1651002.75,3645
South Africa,Vegetables,05/20/2014,740745103,L,Middle East and Africa,Offline,07/08/2014,265991.32,431576.25,2807
Japan,Beverages,05/08/2010,100010183,H,Asia-Pacific,Online,05/22/2010,30262.67,45554.83,919
Australia,Household,08/08/2010,896551594,M,Asia-Pacific,Online,09/03/2010,921620.7,2537956.98,3627
India,Cosmetics,05/03/2013,959591246,C,Asia-Pacific,Online,05/04/2013,533534.04,882257.61,2067
Germany,Snacks,12/17/2011,722530817,H,Europe,Offline,12/22/2011,284329.44,403302.24,1944
Singapore,Baby Food,10/04/2017,132102862,C,Asia-Pacific,Online,10/06/2017,164765.7,943146.6,3630
Canada,Household,12/18/2011,926279823,C,North America,Offline,12/19/2011,2486559.6,6481288.26,9549
Singapore,Vegetables,12/30/2012,840533109,C,Asia-Pacific,Online,12/31/2012,433362.7,679833.75,4555
Saudi Arabia,Snacks,04/08/2016,407645403,H,Middle East and Africa,Offline,04/20/2016,606801.91,849764.04,3893
India,Personal Care,04/20/2015,879749812,L,Asia-Pacific,Offline,06/06/2015,155820.75,236752.85,2785
Netherlands,Vegetables,12/14/2011,923896371,L,Europe,Offline,01/31/2012,599843.14,1079209.82,6682
Japan,Snacks,01/15/2014,457345648,C,Asia-Pacific,Offline,01/19/2014,233676.24,335505.96,1516
Australia,Meat,11/07/2013,899716355,M,Asia-Pacific,Online,11/26/2013,4114731.1,6261336.2,9910
Ireland,Cereal,12/01/2010,657882800,M,Europe,Offline,12/29/2010,237469.05,399377.13,1933
Mexico,Baby Food,07/17/2012,998151518,L,North America,Online,09/06/2012,264776.4,1401136.38,5586
Australia,Office Supplies,06/21/2016,342466812,C,Asia-Pacific,Online,06/24/2016,3628218.88,4633404.16,6784
United Arab Emirates,Vegetables,08/29/2015,429161924,M,Middle East and Africa,Online,09/16/2015,720280.1,1211171.11,8213
Poland,Cosmetics,02/22/2012,299409014,M,Europe,Online,03/08/2012,91607.7,153529.95,365
United States,Cosmetics,09/25/2014,468475537,C,North America,Online,09/28/2014,1678448.88,2958731.94,6702
Egypt,Clothes,12/11/2016,829196781,L,Middle East and Africa,Offline,01/28/2017,288308.16,875561.4,7938
Saudi Arabia,Meat,05/08/2010,678765421,L,Middle East and Africa,Offline,06/15/2010,3435404.67,4843501.7,7859
Canada,Vegetables,04/22/2010,193231525,L,North America,Offline,06/03/2010,69737.62,115850.65,733
Egypt,Office Supplies,10/02/2012,359178336,H,Middle East and Africa,Online,10/17/2012,857031.2,1094585.2,1640
Saudi Arabia,Fruits,06/06/2012,737189607,L,Middle East and Africa,Offline,07/25/2012,45331.28,64856.5,6827
Mexico,Meat,03/13/2015,801907516,H,North America,Online,03/22/2015,3903459.69,6082517.85,9357
Canada,Personal Care,12/14/2011,745448057,H,North America,Offline,12/26/2011,287835.02,382520.82,4906
Australia,Beverages,03/26/2012,899433831,M,Asia-Pacific,Online,04/25/2012,249965.34,378456.72,8066
Poland,Baby Food,07/04/2012,577456920,L,Europe,Online,08/13/2012,474258.49,2399405.96,9661
United States,Cereal,10/14/2016,561680490,M,North America,Online,10/29/2016,851845.62,1540904.75,7277
Mexico,Office Supplies,09/11/2014,553393108,L,North America,Online,10/26/2014,333164.15,425056.06,649
United States,Beverages,04/29/2015,247668785,L,North America,Offline,06/10/2015,278472.96,415187.04,8408
United States,Cereal,06/15/2017,698469846,H,North America,Online,06/23/2017,881403.84,1530789.12,7408
Australia,Beverages,04/20/2011,901700901,M,Asia-Pacific,Offline,05/06/2011,120430.2,181582.5,3905
Saudi Arabia,Fruits,04/07/2011,971300408,H,Middle East and Africa,Online,04/20/2011,31102.88,39524.72,4456
Netherlands,Clothes,02/12/2012,516458857,C,Europe,Online,02/16/2012,283791.36,832486.4,7936
United States,Snacks,10/06/2010,276880410,M,North America,Online,11/05/2010,1362185.55,1736244.0,8511
Turkey,Household,12/11/2012,444120916,L,Europe,Online,01/23/2013,276541.29,686824.44,1077
Saudi Arabia,Clothes,01/17/2015,760239309,L,Middle East and Africa,Offline,03/07/2015,138876.13,397799.01,3781
United Arab Emirates,Clothes,11/04/2010,191099113,L,Middle East and Africa,Offline,12/17/2010,339106.32,1037768.58,9927
Turkey,Baby Food,05/30/2014,466664184,L,Europe,Offline,07/07/2014,371313.6,2063967.0,7710
Singapore,Cosmetics,05/01/2014,809752821,C,Asia-Pacific,Offline,05/06/2014,2546625.44,4099020.4,9278
Sweden,Fruits,11/03/2013,775513932,H,Europe,Offline,11/16/2013,59990.0,76444.4,8570
Singapore,Cosmetics,08/20/2013,305993653,M,Asia-Pacific,Offline,09/11/2013,2391989.6,4291428.05,9373
Australia,Cosmetics,07/06/2017,249548263,L,Asia-Pacific,Offline,08/26/2017,861224.0,1446849.95,3185
Japan,Snacks,04/17/2012,878025484,L,Asia-Pacific,Offline,06/11/2012,1181414.4,1583232.0,7680
Japan,Clothes,04/06/2017,869917396,L,Asia-Pacific,Online,05/31/2017,291684.38,890960.2,8242
Australia,Office Supplies,11/09/2012,973075072,L,Asia-Pacific,Online,12/28/2012,655321.6,872435.2,1280
Saudi Arabia,Beverages,07/21/2015,709298704,M,Middle East and Africa,Offline,08/19/2015,292419.26,423123.19,9121
United Arab Emirates,Cosmetics,01/16/2017,436233641,H,Middle East and Africa,Offline,01/28/2017,2492654.52,4280201.4,9852
United States,Cereal,08/12/2010,388207655,H,North America,Offline,08/17/2010,143239.5,258581.7,1251
Germany,Vegetables,06/13/2010,770401470,C,Europe,Online,06/18/2010,93474.07,163836.36,1081
Singapore,Household,06/21/2012,124646738,M,Asia-Pacific,Online,07/14/2012,2259024.12,5956050.1,9154
Japan,Cereal,01/28/2016,895058691,C,Asia-Pacific,Online,02/02/2016,47135.55,75956.65,385
Australia,Beverages,07/23/2014,286340494,H,Asia-Pacific,Online,07/31/2014,128697.9,186420.9,4065
Spain,Beverages,07/12/2017,515219499,H,Europe,Online,07/21/2017,231649.2,346461.6,7230
United Arab Emirates,Clothes,08/01/2014,760408044,H,Middle East and Africa,Online,08/13/2014,254236.5,834372.0,7350
Saudi Arabia,Office Supplies,07/20/2017,445830787,L,Middle East and Africa,Online,09/03/2017,3918320.64,4735193.58,7254
Canada,Office Supplies,10/20/2016,998657208,C,North America,Offline,10/22/2016,3144123.0,3873114.9,6210
United Arab Emirates,Household,07/11/2013,347922133,M,Middle East and Africa,Online,08/06/2013,1649150.23,4598878.31,6737
South Africa,Baby Food,01/27/2015,122005392,M,Middle East and Africa,Online,02/11/2015,309249.09,1628685.99,6471
South Africa,Vegetables,01/02/2011,379021573,C,Middle East and Africa,Offline,01/06/2011,382915.8,643538.0,4276
United Arab Emirates,Cereal,05/29/2010,859247723,M,Middle East and Africa,Online,06/25/2010,679082.86,1215328.76,6073
Germany,Personal Care,11/21/2010,568037375,H,Europe,Offline,12/04/2010,241392.0,342571.2,4280
Japan,Clothes,11/14/2011,155991919,C,Asia-Pacific,Offline,11/19/2011,41646.72,125155.08,1194
Spain,Office Supplies,11/19/2011,865072262,C,Europe,Offline,11/21/2011,206162.91,240551.97,381
United States,Beverages,12/28/2015,292118167,L,North America,Online,01/30/2016,245388.88,359560.74,7678
Belgium,Cereal,08/26/2013,641713214,M,Europe,Online,09/15/2013,534868.47,893226.24,4561
Canada,Cereal,04/06/2015,494268170,M,North America,Online,04/25/2015,258642.03,471399.98,2267
Australia,Clothes,12/19/2017,145390869,C,Asia-Pacific,Online,12/20/2017,144268.58,460093.04,4166
Canada,Cereal,03/03/2015,681397860,H,North America,Offline,03/16/2015,968657.13,1654169.58,8127
South Africa,Snacks,10/26/2012,235548996,L,Middle East and Africa,Offline,12/11/2012,999902.5,1496396.46,6779
United States,Beverages,04/19/2011,125636498,L,North America,Offline,06/07/2011,215415.52,318804.0,6856
Australia,Clothes,11/19/2014,914708257,H,Asia-Pacific,Online,12/04/2014,89542.26,276887.97,2511
Turkey,Cosmetics,08/06/2011,528679814,C,Europe,Online,08/07/2011,1046527.2,1628848.0,3820
South Africa,Fruits,06/19/2011,787219326,M,Middle East and Africa,Offline,07/17/2011,6342.34,8469.0,941
Canada,Fruits,03/21/2015,981643204,H,North America,Offline,04/01/2015,47736.0,65808.0,7200
Saudi Arabia,Meat,09/19/2013,208772981,H,Middle East and Africa,Offline,09/27/2013,2279352.96,3124500.48,5184
Belgium,Cosmetics,09/18/2015,458673718,H,Europe,Online,09/26/2015,2245101.78,3756576.78,8637
Egypt,Personal Care,02/16/2014,914425101,L,Middle East and Africa,Offline,03/19/2014,489861.2,727250.2,8570
South Africa,Office Supplies,09/21/2011,875825198,H,Middle East and Africa,Online,10/02/2011,2938445.51,3565920.61,5509
Japan,Cereal,12/01/2016,425247450,M,Asia-Pacific,Online,12/28/2016,535087.66,906421.04,4618
United States,Clothes,09/07/2014,326147192,C,North America,Online,09/09/2014,255454.94,756220.4,7094
United States,Cereal,05/31/2015,822211420,H,North America,Offline,06/06/2015,430653.86,795348.4,3689
Saudi Arabia,Beverages,12/01/2016,699758448,C,Middle East and Africa,Offline,12/04/2016,258673.68,360306.6,7782
Singapore,Office Supplies,08/29/2016,392260212,M,Asia-Pacific,Offline,09/20/2016,2060910.94,2462101.4,3806
Singapore,Meat,08/20/2016,340115742,C,Asia-Pacific,Online,08/23/2016,1751258.09,2599513.6,4321
Italy,Meat,10/27/2017,455637397,M,Europe,Online,11/22/2017,2964343.2,4243047.2,6860
India,Clothes,06/08/2017,535858328,M,Asia-Pacific,Offline,06/25/2017,195930.91,547578.92,5243
United Arab Emirates,Household,09/29/2013,628131485,C,Middle East and Africa,Online,10/02/2013,500368.68,1359432.69,2037
United Arab Emirates,Household,03/19/2013,737207839,C,Middle East and Africa,Online,03/21/2013,690026.35,1890170.82,2801
Saudi Arabia,Beverages,02/04/2010,952110109,H,Middle East and Africa,Online,02/11/2010,282556.68,441651.49,8953
United Kingdom,Baby Food,05/14/2010,836223645,C,Europe,Online,05/16/2010,242481.5,1227663.12,4874
India,Baby Food,09/14/2013,142427534,M,Asia-Pacific,Offline,10/02/2013,36759.78,180529.56,738
United States,Cereal,03/17/2011,176969365,C,North America,Offline,03/20/2011,1126174.07,2088239.23,9821
Japan,Beverages,10/07/2011,404617363,C,Asia-Pacific,Offline,10/12/2011,53199.72,77238.36,1674
Canada,Fruits,01/28/2015,974710918,M,North America,Offline,02/23/2015,57287.23,79898.39,8437
South Africa,Clothes,05/12/2012,185312145,L,Middle East and Africa,Offline,06/18/2012,264779.06,807890.07,7657
Mexico,Beverages,01/13/2015,457264194,M,North America,Online,02/01/2015,82745.0,118185.32,2546
Japan,Vegetables,08/06/2014,861401895,C,Asia-Pacific,Offline,08/07/2014,850667.9,1381077.9,9145
Sweden,Snacks,10/04/2011,962888328,H,Europe,Offline,10/15/2011,486262.14,658729.5,3237
Australia,Cereal,05/20/2017,900239651,C,Asia-Pacific,Offline,05/24/2017,629324.52,1146092.2,5401
Egypt,Personal Care,11/04/2011,459227061,M,Middle East and Africa,Online,11/27/2011,375736.32,586137.6,6912
United Kingdom,Cereal,02/12/2013,778108722,M,Europe,Offline,03/05/2013,355070.55,645852.39,3057
Singapore,Personal Care,01/12/2010,316587933,L,Asia-Pacific,Offline,02/14/2010,466262.1,685415.7,8010
France,Fruits,12/06/2015,959293519,L,Europe,Offline,01/23/2016,22822.14,32389.5,3322
Canada,Vegetables,07/02/2010,950229884,L,North America,Offline,08/10/2010,480265.95,862536.56,5549
Canada,Household,07/14/2013,800138394,C,North America,Online,07/19/2013,934674.18,2456604.92,3751
United States,Snacks,12/22/2012,982086565,L,North America,Offline,01/21/2013,1305617.75,1822148.1,8795
United Arab Emirates,Household,07/15/2010,547487343,H,Middle East and Africa,Offline,07/21/2010,1151845.39,3185047.51,4583
Mexico,Vegetables,07/28/2015,937169446,L,North America,Online,09/14/2015,328099.04,556912.52,3596
United States,Household,02/11/2016,453019287,L,North America,Online,04/01/2016,805624.68,2243496.36,3381
Sweden,Baby Food,11/23/2012,557896551,H,Europe,Online,11/30/2012,235992.03,1237503.68,4889
France,Fruits,06/21/2013,267040531,H,Europe,Offline,07/04/2013,63804.78,81164.77,9089
United States,Clothes,01/04/2012,996779824,H,North America,Offline,01/10/2012,264203.18,818909.97,7493
Saudi Arabia,Meat,12/30/2013,303259499,L,Middle East and Africa,Online,02/23/2014,668029.9,990811.92,1607
India,Personal Care,10/27/2011,674247039,H,Asia-Pacific,Online,11/03/2011,312294.0,480904.24,5704
Sweden,Snacks,10/25/2013,966804968,L,Europe,Online,12/21/2013,1017212.85,1370986.59,6477
United Arab Emirates,Cereal,07/29/2016,938340587,M,Middle East and Africa,Offline,08/15/2016,461729.45,818775.3,3815
South Africa,Household,03/26/2012,713041404,L,Middle East and Africa,Offline,05/23/2012,187967.08,509527.41,787
India,Snacks,08/30/2014,191509932,L,Asia-Pacific,Offline,10/22/2014,35302.54,48801.22,221
Germany,Personal Care,04/24/2015,465827417,H,Europe,Online,05/06/2015,545372.12,766345.02,9169
Mexico,Baby Food,07/02/2013,158962391,L,North America,Online,08/18/2013,328682.31,1870384.12,7073
Japan,Vegetables,09/19/2011,670116459,L,Asia-Pacific,Offline,10/27/2011,533509.59,915430.12,5669
India,Meat,07/25/2014,864289767,L,Asia-Pacific,Offline,08/24/2014,233476.32,323563.68,528
United States,Office Supplies,04/10/2011,232850821,H,North America,Offline,04/16/2011,2386824.84,2831174.64,4428
Ireland,Clothes,07/21/2010,681223246,H,Europe,Online,07/30/2010,192823.18,571445.49,5203
Mexico,Office Supplies,02/16/2011,551155345,L,North America,Offline,04/15/2011,3612936.6,4170786.9,6713
Mexico,Fruits,07/15/2011,214706435,L,North America,Online,08/16/2011,11893.35,15479.45,1645
Saudi Arabia,Meat,01/29/2016,952666025,L,Middle East and Africa,Offline,03/02/2016,1805225.0,2883752.8,4430
Germany,Fruits,04/10/2017,236001669,M,Europe,Online,04/28/2017,2587.5,3577.5,375
Turkey,Office Supplies,01/22/2010,301380224,M,Europe,Offline,02/14/2010,5160025.64,6389521.6,9548
United Arab Emirates,Baby Food,11/16/2016,246254923,C,Middle East and Africa,Online,11/20/2016,159364.47,813217.47,3253
South Africa,Personal Care,10/17/2012,749888596,L,Middle East and Africa,Offline,12/05/2012,123893.28,170781.66,2142
Saudi Arabia,Beverages,11/02/2012,228824572,C,Middle East and Africa,Online,11/04/2012,293952.13,459401.64,9547
France,Vegetables,10/20/2012,334221394,H,Europe,Online,10/25/2012,118713.2,190261.62,1282
India,Personal Care,03/30/2011,255030819,H,Asia-Pacific,Online,04/04/2011,374111.68,545155.76,6872
Turkey,Beverages,08/11/2014,316411521,L,Europe,Offline,09/22/2014,278328.36,405795.18,8601
Italy,Household,06/20/2017,569709241,L,Europe,Online,08/16/2017,1020065.4,2846887.56,4077
Canada,Baby Food,10/12/2011,318871405,C,North America,Offline,10/13/2011,52325.88,275348.4,1076
Saudi Arabia,Cosmetics,02/18/2013,918871311,M,Middle East and Africa,Offline,03/10/2013,1915043.62,3087964.46,7082
Mexico,Meat,03/23/2017,611997917,L,North America,Offline,04/29/2017,3053972.74,4822242.88,7462
Egypt,Cereal,11/30/2014,512941401,C,Middle East and Africa,Online,12/02/2014,45752.0,79302.2,380
Belgium,Office Supplies,01/01/2013,806837607,M,Europe,Online,01/27/2013,4430602.68,5408278.68,8652
Australia,Baby Food,09/15/2012,817739417,H,Asia-Pacific,Online,09/24/2012,206931.6,1107667.8,4230
Turkey,Meat,03/22/2010,616490490,H,Europe,Online,04/01/2010,3839319.0,5629625.1,9174
France,Beverages,10/25/2012,819231224,L,Europe,Offline,12/16/2012,146033.3,218913.3,4555
India,Household,09/30/2012,914891152,C,Asia-Pacific,Online,10/03/2012,220498.5,559903.5,850
Belgium,Fruits,10/31/2014,247098055,C,Europe,Online,11/05/2014,2601.45,3306.24,369
Poland,Baby Food,08/17/2014,573822048,M,Europe,Offline,09/03/2014,86040.11,476292.83,1781
Italy,Vegetables,02/28/2014,539308778,M,Europe,Online,03/18/2014,62015.28,112189.5,699
Canada,Snacks,01/18/2011,368775486,C,North America,Online,01/21/2011,613765.62,813302.1,3978
United Kingdom,Meat,05/16/2017,332313217,L,Europe,Online,07/09/2017,89733.48,127071.6,204
Egypt,Beverages,06/15/2016,483218107,H,Middle East and Africa,Online,06/24/2016,3187.56,4719.73,101
United Arab Emirates,Baby Food,06/26/2017,891857755,H,Middle East and Africa,Online,07/05/2017,149326.06,802176.08,3254
Mexico,Cereal,03/20/2012,342263190,M,North America,Online,04/08/2012,575434.45,1031144.99,4933
United Kingdom,Beverages,01/12/2017,270798896,M,Europe,Offline,02/05/2017,220170.06,325556.12,7174
South Africa,Baby Food,05/24/2010,327402604,M,Middle East and Africa,Offline,06/13/2010,318537.33,1830803.61,6987
United States,Household,07/28/2012,827075412,H,North America,Offline,08/04/2012,1140868.0,3044173.0,4460
Australia,Cereal,10/07/2014,329938696,M,Asia-Pacific,Offline,10/27/2014,846531.84,1484091.84,7392
United States,Household,01/03/2016,845732616,L,North America,Offline,02/16/2016,413389.53,1022312.96,1591
United Kingdom,Clothes,06/05/2014,156727602,H,Europe,Offline,06/20/2014,351835.8,1083769.62,9613
Belgium,Clothes,07/27/2010,663795921,M,Europe,Online,08/13/2010,145934.88,424784.88,4056
Canada,Cosmetics,01/01/2012,250015073,L,North America,Online,02/01/2012,1869709.56,3212150.79,7107
Turkey,Beverages,10/20/2010,594886752,M,Europe,Offline,11/17/2010,275876.22,440894.76,9057
Turkey,Cosmetics,05/16/2010,841830552,L,Europe,Online,07/09/2010,77961.6,129381.12,288
Mexico,Baby Food,11/07/2011,616233458,H,North America,Offline,11/22/2011,440871.08,2522255.84,9698
Canada,Office Supplies,01/27/2017,435913717,L,North America,Online,03/21/2017,280573.81,357219.46,523
Saudi Arabia,Office Supplies,12/04/2012,817413695,L,Middle East and Africa,Offline,01/08/2013,787348.48,938022.04,1493
Egypt,Meat,12/21/2011,507426246,H,Middle East and Africa,Online,12/30/2011,3550671.3,4947591.3,8315
Saudi Arabia,Office Supplies,04/18/2010,363724780,C,Middle East and Africa,Offline,04/19/2010,4971193.76,6562673.92,9917
Egypt,Snacks,01/20/2014,505575023,L,Middle East and Africa,Online,03/14/2014,1275530.8,1758718.8,8552
United States,Household,09/27/2015,432995650,M,North America,Offline,10/19/2015,1327109.42,3426119.97,5369
Ireland,Household,01/04/2017,746502655,H,Europe,Online,01/16/2017,240170.48,630090.56,968
Egypt,Baby Food,09/22/2010,520559510,M,Middle East and Africa,Online,10/08/2010,219324.56,1194484.27,4487
India,Office Supplies,01/06/2017,367378177,H,Asia-Pacific,Offline,01/15/2017,1586042.15,1953016.43,3007
Poland,Vegetables,06/26/2014,848016381,M,Europe,Online,07/19/2014,357129.72,599501.16,4068
Egypt,Vegetables,07/28/2014,912263630,M,Middle East and Africa,Offline,08/21/2014,233565.86,431437.18,2698
Netherlands,Vegetables,03/03/2011,982655420,C,Europe,Online,03/06/2011,368211.38,675357.06,4226
Egypt,Snacks,12/23/2013,533017720,C,Middle East and Africa,Online,12/26/2013,768864.37,988532.96,4861
Turkey,Fruits,04/18/2013,430422007,L,Europe,Online,05/24/2013,3386.24,4473.3,481
Egypt,Cosmetics,03/23/2011,291614199,H,Middle East and Africa,Online,04/02/2011,1073804.55,1773008.2,4055
Singapore,Vegetables,11/03/2016,161765307,M,Asia-Pacific,Offline,11/19/2016,491615.68,889692.86,5669
Japan,Clothes,12/25/2013,861152018,M,Asia-Pacific,Online,01/15/2014,304973.37,935414.46,8721
Canada,Vegetables,02/23/2011,600846894,M,North America,Online,03/12/2011,153109.65,252890.64,1649
Mexico,Baby Food,08/27/2016,791520049,M,North America,Online,09/13/2016,158491.63,822210.85,3343
Japan,Baby Food,11/11/2010,518051363,C,Asia-Pacific,Online,11/12/2010,397083.96,2235910.04,8372
Canada,Office Supplies,02/13/2010,131566102,C,North America,Online,02/15/2010,1906523.82,2405553.21,3519
Canada,Household,09/12/2016,607099287,H,North America,Online,09/25/2016,76631.7,207261.98,314
Egypt,Vegetables,08/29/2014,520650611,L,Middle East and Africa,Online,10/27/2014,14161.5,23524.5,150
Singapore,Cereal,06/28/2013,786430773,H,Asia-Pacific,Online,07/12/2013,152227.92,269009.13,1261
India,Office Supplies,08/05/2012,729810876,L,Asia-Pacific,Online,09/16/2012,4599224.37,5911632.63,8781
Poland,Clothes,06/02/2012,462596911,M,Europe,Online,06/21/2012,45522.64,139293.28,1304
Saudi Arabia,Beverages,10/19/2017,902241177,L,Middle East and Africa,Online,12/11/2017,150478.76,234099.92,4916
Canada,Snacks,08/31/2012,898603154,H,North America,Offline,09/12/2012,996652.71,1467445.95,6579
Mexico,Vegetables,06/12/2011,159471828,H,North America,Online,06/23/2011,37398.48,63394.6,394
Netherlands,Household,04/22/2010,900110851,C,Europe,Online,04/26/2010,669074.84,1677959.33,2623
Germany,Cereal,10/26/2013,296928436,M,Europe,Offline,11/21/2013,115030.16,196007.28,952
Saudi Arabia,Meat,04/18/2016,411815504,C,Middle East and Africa,Offline,04/20/2016,1571969.74,2289522.34,3554
United States,Clothes,12/02/2015,816300459,L,North America,Online,01/15/2016,115683.12,348918.39,3279
Poland,Baby Food,03/27/2017,584830817,M,Europe,Online,04/22/2017,96688.89,553598.82,2133
Mexico,Baby Food,03/31/2013,586520936,L,North America,Online,05/09/2013,436659.7,2308954.6,9505
Japan,Household,05/14/2017,901031813,C,Asia-Pacific,Offline,05/17/2017,2325370.0,6276759.55,9155
Saudi Arabia,Office Supplies,01/02/2016,710702692,L,Middle East and Africa,Online,02/26/2016,3227102.88,4026071.88,6099
France,Fruits,03/29/2010,308790156,H,Europe,Offline,04/11/2010,36048.84,49651.2,5172
Italy,Beverages,04/20/2013,158811546,M,Europe,Online,05/09/2013,224933.07,340935.39,7143
Saudi Arabia,Office Supplies,06/19/2014,132770955,C,Middle East and Africa,Online,06/20/2014,4089567.9,5176152.3,7590
United Arab Emirates,Vegetables,04/19/2016,811400475,M,Middle East and Africa,Offline,05/11/2016,792086.1,1304744.22,8619
Japan,Office Supplies,03/12/2013,226492453,M,Asia-Pacific,Online,03/27/2013,3155735.17,3887443.21,5747
Ireland,Personal Care,05/03/2010,684652875,C,Europe,Offline,05/08/2010,141023.68,210706.56,2512
Poland,Snacks,03/05/2016,178172865,L,Europe,Online,04/16/2016,1429729.92,2002779.18,9486
United Kingdom,Office Supplies,02/07/2011,461692600,C,Europe,Offline,02/09/2011,1740686.53,2055920.36,3217
Canada,Clothes,01/27/2016,646568148,L,North America,Offline,03/01/2016,146118.3,453754.92,4042
India,Baby Food,07/05/2012,744666473,M,Asia-Pacific,Offline,07/20/2012,9939.5,52659.78,206
South Africa,Beverages,05/05/2014,974362731,H,Middle East and Africa,Online,05/18/2014,103800.4,164532.5,3410
India,Baby Food,12/02/2015,178557956,H,Asia-Pacific,Offline,12/07/2015,212525.5,1208955.0,4675
India,Meat,01/22/2017,789420865,C,Asia-Pacific,Online,01/27/2017,1447952.22,2156045.13,3309
United Arab Emirates,Baby Food,02/24/2017,575340078,L,Middle East and Africa,Online,04/03/2017,204349.0,1154599.0,4525
Australia,Cereal,07/27/2011,469958264,H,Asia-Pacific,Offline,08/07/2011,815257.28,1421361.92,6844
Mexico,Beverages,04/24/2014,171719624,C,North America,Offline,04/25/2014,87584.0,135481.5,2737
India,Household,03/10/2012,242448674,L,Asia-Pacific,Online,04/15/2012,852571.8,2191604.4,3420
Singapore,Vegetables,11/13/2013,598490052,M,Asia-Pacific,Online,12/10/2013,170475.03,302163.84,1881
United States,Cereal,10/05/2016,553011201,H,North America,Online,10/12/2016,12379.9,21391.44,107
Belgium,Snacks,03/31/2015,230206457,L,Europe,Online,05/15/2015,1390523.9,1898151.07,9047
Italy,Meat,06/11/2013,721488771,H,Europe,Offline,06/20/2013,3951348.96,6397856.48,9808
India,Cereal,09/22/2015,156801073,C,Asia-Pacific,Offline,09/23/2015,191662.4,331692.96,1648
Sweden,Clothes,06/20/2014,597362668,L,Europe,Online,08/04/2014,304862.88,932735.24,8852
United Arab Emirates,Cereal,10/24/2011,732426496,H,Middle East and Africa,Online,11/08/2011,195800.94,344447.91,1611
Germany,Snacks,10/29/2015,990934494,M,Europe,Offline,11/26/2015,447391.59,610436.7,2911
South Africa,Clothes,01/19/2016,831789135,C,Middle East and Africa,Online,01/21/2016,73549.47,209702.25,1983
Australia,Baby Food,06/02/2016,943539825,L,Asia-Pacific,Online,07/26/2016,370537.58,1814984.6,7466
South Africa,Snacks,05/14/2015,534956373,H,Middle East and Africa,Offline,05/19/2015,1058728.73,1426661.91,6697
United Kingdom,Fruits,01/24/2016,340419612,H,Europe,Offline,01/31/2016,10418.46,13367.64,1482
Singapore,Snacks,05/31/2014,580265736,M,Asia-Pacific,Online,06/26/2014,53785.83,73381.42,343
Mexico,Cosmetics,10/26/2010,451535068,C,North America,Online,10/31/2010,744644.32,1300616.66,2954
South Africa,Personal Care,08/21/2012,117358415,H,Middle East and Africa,Offline,09/01/2012,497954.19,737101.47,8977
France,Baby Food,10/14/2016,872223246,L,Europe,Online,12/05/2016,186370.3,990831.4,3865
Singapore,Snacks,10/16/2016,190209487,M,Asia-Pacific,Offline,11/10/2016,1302519.4,1730975.26,8491
Singapore,Meat,10/18/2017,684082167,C,Asia-Pacific,Online,10/22/2017,665775.85,966267.54,1601
South Africa,Household,01/18/2016,508503245,C,Middle East and Africa,Online,01/20/2016,138238.28,351816.74,529
Mexico,Beverages,11/05/2016,769629690,C,North America,Offline,11/10/2016,256638.56,374012.72,8168
South Africa,Vegetables,08/04/2013,790744185,M,Middle East and Africa,Online,08/25/2013,781680.64,1203814.4,8192
India,Household,02/19/2014,486930664,M,Asia-Pacific,Online,03/07/2014,1173300.48,3064550.4,4512
South Africa,Vegetables,05/20/2016,681721208,L,Middle East and Africa,Offline,06/20/2016,55592.5,89512.94,601
Netherlands,Fruits,01/18/2012,310568556,L,Europe,Offline,03/17/2012,59444.3,81746.76,8678
Netherlands,Personal Care,02/27/2017,389107635,L,Europe,Online,04/05/2017,131578.8,190813.2,2280
United Arab Emirates,Clothes,07/17/2014,452059191,H,Middle East and Africa,Offline,07/24/2014,150056.43,486273.75,4371
Belgium,Fruits,11/07/2013,732567335,C,Europe,Online,11/11/2013,20612.28,25679.94,2847
Italy,Fruits,07/04/2012,496459225,L,Europe,Online,08/30/2012,55627.25,79718.45,8365
India,Snacks,05/02/2014,623737308,C,Asia-Pacific,Offline,05/07/2014,786058.66,1133041.92,5414
Singapore,Clothes,06/09/2013,985116069,H,Asia-Pacific,Online,06/24/2013,76797.35,234542.7,2065
United States,Meat,07/12/2010,353422413,C,North America,Online,07/14/2010,3768265.36,5300327.92,8644
India,Beverages,06/04/2014,450864287,L,Asia-Pacific,Online,07/13/2014,48250.35,72970.35,1545
Japan,Beverages,02/08/2014,663204192,M,Asia-Pacific,Online,03/01/2014,221082.12,342255.48,6972
United States,Household,07/07/2010,790751043,C,North America,Offline,07/08/2010,1166012.66,2872206.44,4454
Canada,Beverages,12/28/2011,231011214,H,North America,Offline,01/09/2012,204955.68,315973.34,6373
Saudi Arabia,Personal Care,01/28/2010,665629037,M,Middle East and Africa,Offline,02/20/2010,328183.98,508483.7,6014
Australia,Cereal,04/02/2016,929922494,M,Asia-Pacific,Offline,04/30/2016,774288.98,1397856.53,6917
South Africa,Office Supplies,05/08/2013,462157365,C,Middle East and Africa,Offline,05/10/2013,1240107.12,1514496.6,2364
Singapore,Vegetables,07/23/2013,759688210,C,Asia-Pacific,Offline,07/28/2013,424072.0,714850.46,4819
United States,Vegetables,04/15/2010,960734521,C,North America,Offline,04/17/2010,19070.82,29698.04,202
Singapore,Snacks,10/25/2010,988066335,M,Asia-Pacific,Online,11/16/2010,347900.48,494672.4,2248
Canada,Fruits,01/23/2010,780127237,H,North America,Online,02/02/2010,39172.79,53005.15,5669
United Arab Emirates,Snacks,05/27/2013,729678179,H,Middle East and Africa,Offline,06/05/2013,1317903.36,1814701.92,8616
United Arab Emirates,Meat,01/14/2015,106834779,M,Middle East and Africa,Offline,02/12/2015,2094717.35,2945370.45,4895
Netherlands,Office Supplies,03/25/2013,285621949,M,Europe,Offline,04/15/2013,652636.8,832164.0,1240
Mexico,Cereal,06/02/2011,773141595,M,North America,Online,06/23/2011,297286.84,510455.74,2446
India,Baby Food,01/04/2011,318997197,C,Asia-Pacific,Online,01/09/2011,193328.45,1047836.09,4109
Egypt,Baby Food,07/13/2014,475903808,M,Middle East and Africa,Offline,07/30/2014,347660.32,1871021.23,7571
South Africa,Fruits,04/21/2016,713341529,L,Middle East and Africa,Offline,06/10/2016,30763.32,41047.44,4452
Canada,Cereal,04/16/2014,157011895,H,North America,Offline,05/01/2014,1046455.84,1811850.96,9173
Sweden,Beverages,09/17/2010,882009883,C,Europe,Online,09/21/2010,111697.09,176838.63,3623
Ireland,Snacks,08/27/2013,760146355,M,Europe,Online,09/16/2013,431058.32,651942.06,2926
Poland,Cereal,09/01/2013,693925686,H,Europe,Offline,09/16/2013,1086300.18,1953383.55,9687
Italy,Cereal,11/17/2017,679996203,L,Europe,Offline,01/16/2018,494773.0,874660.12,4106
Netherlands,Office Supplies,09/08/2014,898498851,L,Europe,Offline,10/11/2014,4354733.88,5263714.4,8113
United Arab Emirates,Cereal,10/09/2012,720202856,C,Middle East and Africa,Offline,10/10/2012,1088743.25,2015995.1,9455
Saudi Arabia,Cereal,01/12/2010,159525591,C,Middle East and Africa,Offline,01/14/2010,1071251.5,1861216.75,9455
Japan,Snacks,04/06/2011,248472045,C,Asia-Pacific,Offline,04/08/2011,1266714.75,1788284.04,8133
France,Cereal,07/06/2011,158294110,H,Europe,Online,07/16/2011,791332.74,1389572.1,6606
France,Baby Food,03/20/2016,710874601,H,Europe,Offline,04/01/2016,367389.12,1973963.04,7728
Egypt,Snacks,06/26/2017,165370487,M,Middle East and Africa,Offline,07/22/2017,464250.0,668312.5,3125
United States,Baby Food,08/25/2012,952818027,L,North America,Offline,10/23/2012,310695.56,1699402.74,6454
India,Meat,10/30/2011,124524881,H,Asia-Pacific,Offline,11/07/2011,4144398.9,6107202.09,9447
Turkey,Personal Care,06/12/2017,801963760,M,Europe,Offline,06/27/2017,89713.25,131703.25,1615
United Kingdom,Personal Care,06/19/2016,636726216,M,Europe,Online,07/17/2016,423648.6,649594.52,7802
Mexico,Beverages,07/18/2010,837430793,M,North America,Offline,08/06/2010,79054.02,118490.52,2586
South Africa,Meat,04/17/2011,239052227,M,Middle East and Africa,Online,05/04/2011,810694.45,1234342.52,1999
United Kingdom,Beverages,07/12/2011,312548616,H,Europe,Offline,07/22/2011,286044.78,434065.5,8769
United Kingdom,Cosmetics,04/07/2014,588921094,M,Europe,Offline,05/02/2014,928679.92,1560953.94,3514
India,Cereal,02/16/2011,523895771,L,Asia-Pacific,Online,03/20/2011,530835.2,984844.0,4760
Netherlands,Baby Food,09/07/2011,983945276,L,Europe,Online,10/26/2011,224787.42,1165431.15,4797
Netherlands,Fruits,05/07/2017,470697319,C,Europe,Online,05/08/2017,25565.12,33954.24,3616
Ireland,Meat,07/26/2012,485490570,H,Europe,Online,08/07/2012,831051.54,1234523.61,2043
Singapore,Household,05/18/2012,897409429,L,Asia-Pacific,Online,07/14/2012,132720.06,347449.41,543
United Kingdom,Cereal,09/27/2014,698641566,C,Europe,Online,09/28/2014,714016.6,1237367.56,6028
Egypt,Baby Food,12/20/2014,542747932,M,Middle East and Africa,Online,01/06/2015,337471.5,1845704.0,7165
France,Cereal,11/03/2013,834921189,L,Europe,Online,12/13/2013,535788.57,869622.36,4377
United States,Vegetables,10/19/2012,535445261,L,North America,Online,11/19/2012,185368.68,325476.9,2142
South Africa,Fruits,12/26/2016,473696649,C,Middle East and Africa,Offline,12/27/2016,42490.88,58672.0,6176
Singapore,Household,10/26/2012,595795858,M,Asia-Pacific,Online,11/25/2012,444826.48,1269808.57,1843
Saudi Arabia,Beverages,05/01/2011,891007412,H,Middle East and Africa,Online,05/14/2011,63944.88,95326.8,2109
United Arab Emirates,Beverages,02/05/2013,684515664,C,Middle East and Africa,Offline,02/06/2013,249169.92,385515.83,8111
Mexico,Beverages,03/16/2011,467991714,L,North America,Offline,04/19/2011,297273.3,475735.39,9811
Canada,Beverages,08/01/2014,346089822,M,North America,Online,08/30/2014,54679.7,83431.55,1765
India,Baby Food,12/14/2015,530159369,L,Asia-Pacific,Offline,02/12/2016,218749.74,1142472.54,4614
Germany,Vegetables,03/13/2010,826242601,M,Europe,Online,04/10/2010,275576.12,491089.2,3077
Australia,Household,07/26/2015,313636823,C,Asia-Pacific,Offline,07/27/2015,831518.45,2192144.22,3451
Ireland,Household,11/07/2012,479281838,M,Europe,Offline,12/05/2012,1629849.63,4222860.69,6549
Mexico,Clothes,03/19/2010,556945382,M,North America,Offline,04/04/2010,39175.08,112873.46,1043
Canada,Fruits,04/23/2011,233491252,H,North America,Online,04/28/2011,51805.56,70434.78,7422
India,Baby Food,02/06/2016,913130969,L,Asia-Pacific,Online,03/31/2016,415137.6,2384480.88,9144
India,Fruits,07/21/2013,140692463,M,Asia-Pacific,Online,08/10/2013,5346.0,7468.56,792
Australia,Household,04/08/2017,229147444,C,Asia-Pacific,Online,04/09/2017,836923.62,2227693.26,3354
South Africa,Personal Care,08/10/2014,620716920,L,Middle East and Africa,Online,10/08/2014,376711.5,501391.88,6358
India,Meat,10/13/2012,326490179,C,Asia-Pacific,Offline,10/15/2012,1278934.3,1830357.48,2954
India,Personal Care,10/02/2010,809015667,C,Asia-Pacific,Online,10/05/2010,165046.2,237246.9,2805
United Kingdom,Clothes,10/13/2015,541030781,C,Europe,Online,10/17/2015,331998.92,940111.32,8956
United States,Snacks,01/25/2011,906300300,H,North America,Offline,02/07/2011,218502.34,319265.84,1471
United Arab Emirates,Beverages,04/02/2010,810265553,H,Middle East and Africa,Offline,04/15/2010,268818.69,414627.15,8351
United States,Office Supplies,05/30/2013,482306700,C,North America,Offline,06/04/2013,1198902.6,1480998.72,2364
Ireland,Meat,02/17/2010,679922568,L,Europe,Offline,04/05/2010,1180751.8,1738550.19,2927
Canada,Meat,06/23/2017,191405534,L,North America,Offline,07/25/2017,1329030.72,1876579.68,3046
Australia,Beverages,09/24/2015,819849775,H,Asia-Pacific,Online,10/06/2015,303549.38,448189.78,9773
United Arab Emirates,Meat,06/15/2017,865988089,C,Middle East and Africa,Offline,06/16/2017,1802127.12,2750457.24,4476
Canada,Beverages,12/23/2013,366407715,C,North America,Online,12/27/2013,26083.17,39161.7,821
Sweden,Cosmetics,03/26/2014,956700137,M,Europe,Offline,04/21/2014,501570.04,806907.38,1853
